sample.ID,date,day,day.number,sample.type,water.type,location,specific,source.ID,captive.wild,dead,age,clutch,mass,CL,CW,PL,PW,H,days.since.previous,mass.diff,CL.diff,CW.diff,PL.diff,PW.diff,H.diff,mass.diff.per.day,CL.diff.per.day,CW.diff.per.day,PL.diff.per.day,PW.diff.per.day,H.diff.per.day,mass.mean.diff.per.day,CL.mean.diff.per.day,CW.mean.diff.per.day,PL.mean.diff.per.day,PW.mean.diff.per.day,H.mean.diff.per.day,days.since.last.measure,shannon,simpson,rich,even,rich.rare.1000,rich.rare.10000,read.depth,date.sc,BCI,year,location.general,type.location.water.type,type.location.gen.water.type,read.depth.sc,specific.wild,specific.year
C01,2018-09-18,Tuesday,NA,cloaca,NA,PW,PW,PW19,wild,N,adult,NA,NA,NA,NA,NA,NA,NA,NA,NA,NA,NA,NA,NA,NA,NA,NA,NA,NA,NA,NA,NA,NA,NA,NA,NA,NA,NA,3.785516892,0.954176731,163,0.743168931,140.8792475,159.4499007,33968,-1.373978368,NA,2018,Wild,cloaca PW ,cloaca Wild ,0.782616222,PW,2018
C02,2018-09-20,Thursday,NA,cloaca,NA,PW,PW,1L8R9R,wild,N,adult,NA,NA,NA,NA,NA,NA,NA,NA,NA,NA,NA,NA,NA,NA,NA,NA,NA,NA,NA,NA,NA,NA,NA,NA,NA,NA,NA,3.260236571,0.933542978,119,0.682182952,107.504069,118.1410409,19537,-1.362376232,NA,2018,Wild,cloaca PW ,cloaca Wild ,-0.980034814,PW,2018
C03,2018-09-20,Thursday,NA,cloaca,NA,PW,PW,1L3R8R,wild,N,adult,NA,NA,NA,NA,NA,NA,NA,NA,NA,NA,NA,NA,NA,NA,NA,NA,NA,NA,NA,NA,NA,NA,NA,NA,NA,NA,NA,2.942060275,0.917946929,86,0.660491892,78.73247508,85.68143258,14269,-1.362376232,NA,2018,Wild,cloaca PW ,cloaca Wild ,-1.62348611,PW,2018
C04,2018-09-20,Thursday,NA,cloaca,NA,PW,PW,1L2L12L,wild,N,adult,NA,NA,NA,NA,NA,NA,NA,NA,NA,NA,NA,NA,NA,NA,NA,NA,NA,NA,NA,NA,NA,NA,NA,NA,NA,NA,NA,3.322724029,0.929025665,107,0.711073345,90.20696095,103.3796514,30067,-1.362376232,NA,2018,Wild,cloaca PW ,cloaca Wild ,0.306134919,PW,2018
C05,2018-10-11,Thursday,NA,cloaca,NA,PW,PW,PW70,wild,N,adult,NA,NA,NA,NA,NA,NA,NA,NA,NA,NA,NA,NA,NA,NA,NA,NA,NA,NA,NA,NA,NA,NA,NA,NA,NA,NA,NA,3.331912205,0.918546262,130,0.684517437,113.3966134,127.2195364,28116,-1.240553803,NA,2018,Wild,cloaca PW ,cloaca Wild ,0.067833195,PW,2018
C06,2018-10-11,Thursday,NA,cloaca,NA,PW,PW,PW11,wild,N,adult,NA,NA,NA,NA,NA,NA,NA,NA,NA,NA,NA,NA,NA,NA,NA,NA,NA,NA,NA,NA,NA,NA,NA,NA,NA,NA,NA,3.426443207,0.941072817,126,0.708487072,111.1147414,123.7957161,32478,-1.240553803,NA,2018,Wild,cloaca PW ,cloaca Wild ,0.600622595,PW,2018
C07,2018-10-11,Thursday,NA,cloaca,NA,PW,PW,PW17,wild,N,adult,NA,NA,NA,NA,NA,NA,NA,NA,NA,NA,NA,NA,NA,NA,NA,NA,NA,NA,NA,NA,NA,NA,NA,NA,NA,NA,NA,3.288370987,0.930404824,100,0.714060687,92.20160992,99.49461025,18918,-1.240553803,NA,2018,Wild,cloaca PW ,cloaca Wild ,-1.055641562,PW,2018
C08,2019-02-21,Thursday,C7,cloaca,NA,Cosley,tub1a,06-84-male-100870,captive,N,adult,NA,NA,NA,NA,NA,NA,NA,NA,NA,NA,NA,NA,NA,NA,NA,NA,NA,NA,NA,NA,NA,NA,NA,NA,NA,NA,NA,3.241520876,0.93861528,87,0.725836894,79.95134059,86.32667427,16786,-0.469011749,NA,2019,Cosley,cloaca Cosley ,cloaca Cosley ,-1.316051237,tub1a,tub1a
C09,2019-02-21,Thursday,C7,cloaca,NA,Cosley,tub1b,07-60-male,captive,N,adult,NA,NA,NA,NA,NA,NA,NA,NA,NA,NA,NA,NA,NA,NA,NA,NA,NA,NA,NA,NA,NA,NA,NA,NA,NA,NA,NA,2.949698247,0.907762198,90,0.655516225,79.96785116,88.81414663,25565,-0.469011749,NA,2019,Cosley,cloaca Cosley ,cloaca Cosley ,-0.243754553,tub1b,tub1b
C10,2019-02-21,Thursday,C7,cloaca,NA,Cosley,tub2,06-100- male-1000821,captive,N,adult,NA,NA,NA,NA,NA,NA,NA,NA,NA,NA,NA,NA,NA,NA,NA,NA,NA,NA,NA,NA,NA,NA,NA,NA,NA,NA,NA,3.042801075,0.896274585,109,0.648598474,95.1476548,106.7728353,30055,-0.469011749,NA,2019,Cosley,cloaca Cosley ,cloaca Cosley ,0.304669198,tub2,tub2
C11,2019-02-21,Thursday,C7,cloaca,NA,Cosley,tub3,05-137-male-100966,captive,N,adult,NA,NA,NA,NA,NA,NA,NA,NA,NA,NA,NA,NA,NA,NA,NA,NA,NA,NA,NA,NA,NA,NA,NA,NA,NA,NA,NA,2.868294173,0.894822423,92,0.634327352,84.03834473,91.21639867,29006,-0.469011749,NA,2019,Cosley,cloaca Cosley ,cloaca Cosley ,0.176540799,tub3,tub3
C14,2019-06-05,Wednesday,NA,cloaca,NA,PW,marsh1,PW54,wild,N,adult,NA,NA,NA,NA,NA,NA,NA,NA,NA,NA,NA,NA,NA,NA,NA,NA,NA,NA,NA,NA,NA,NA,NA,NA,NA,NA,NA,3.561696803,0.949580801,115,0.75063177,105.2674241,113.5280482,21562,0.13429933,NA,2019,Wild,cloaca PW ,cloaca Wild ,-0.73269448,PW,2019
C15,2019-06-05,Wednesday,NA,cloaca,NA,PW,marsh1,PW19,wild,N,adult,NA,NA,NA,NA,NA,NA,NA,NA,NA,NA,NA,NA,NA,NA,NA,NA,NA,NA,NA,NA,NA,NA,NA,NA,NA,NA,NA,3.697190782,0.942927839,148,0.739850657,133.0524248,145.3632425,26389,0.13429933,NA,2019,Wild,cloaca PW ,cloaca Wild ,-0.143108412,PW,2019
C16,2019-06-05,Wednesday,NA,cloaca,NA,PW,marsh1,PW17,wild,N,adult,NA,NA,NA,NA,NA,NA,NA,NA,NA,NA,NA,NA,NA,NA,NA,NA,NA,NA,NA,NA,NA,NA,NA,NA,NA,NA,NA,3.765250529,0.960065882,132,0.771124979,119.5461679,129.860371,31630,0.13429933,NA,2019,Wild,cloaca PW ,cloaca Wild ,0.497045013,PW,2019
C17,2019-06-05,Wednesday,NA,cloaca,NA,PW,marsh1,PW11,wild,N,adult,NA,NA,NA,NA,NA,NA,NA,NA,NA,NA,NA,NA,NA,NA,NA,NA,NA,NA,NA,NA,NA,NA,NA,NA,NA,NA,NA,3.656425131,0.953489573,138,0.742081769,119.7806276,134.4235582,35032,0.13429933,NA,2019,Wild,cloaca PW ,cloaca Wild ,0.912576773,PW,2019
C18,2019-06-05,Wednesday,NA,cloaca,NA,PW,marsh1,PW56,wild,N,adult,NA,NA,NA,NA,NA,NA,NA,NA,NA,NA,NA,NA,NA,NA,NA,NA,NA,NA,NA,NA,NA,NA,NA,NA,NA,NA,NA,3.336566328,0.923504697,118,0.699389415,108.7193527,117.7176351,14875,0.13429933,NA,2019,Wild,cloaca PW ,cloaca Wild ,-1.549467225,PW,2019
C19,2019-06-05,Wednesday,NA,cloaca,NA,PW,marsh2,PW16,wild,N,adult,NA,NA,NA,NA,NA,NA,NA,NA,NA,NA,NA,NA,NA,NA,NA,NA,NA,NA,NA,NA,NA,NA,NA,NA,NA,NA,NA,3.387968059,0.929491217,134,0.691727006,114.6206213,130.1951045,32449,0.13429933,NA,2019,Wild,cloaca PW ,cloaca Wild ,0.597080437,PW,2019
C20,2019-06-05,Wednesday,NA,cloaca,NA,PW,marsh3,PW14,wild,N,adult,NA,NA,NA,NA,NA,NA,NA,NA,NA,NA,NA,NA,NA,NA,NA,NA,NA,NA,NA,NA,NA,NA,NA,NA,NA,NA,NA,3.579614737,0.943055919,142,0.722304208,123.6132341,139.1393799,32001,0.13429933,NA,2019,Wild,cloaca PW ,cloaca Wild ,0.542360205,PW,2019
C21,2019-06-07,Friday,NA,cloaca,NA,TC,TC,TC03-077,wild,N,adult,NA,NA,NA,NA,NA,NA,NA,NA,NA,NA,NA,NA,NA,NA,NA,NA,NA,NA,NA,NA,NA,NA,NA,NA,NA,NA,NA,3.936437438,0.964551333,142,0.794304844,131.9644318,141.1385431,20003,0.145901466,NA,2019,Wild,cloaca TC ,cloaca Wild ,-0.923116001,TC,2019
C22,2019-06-07,Friday,NA,cloaca,NA,TC,TC,TC209H,wild,N,adult,NA,NA,NA,NA,NA,NA,NA,NA,NA,NA,NA,NA,NA,NA,NA,NA,NA,NA,NA,NA,NA,NA,NA,NA,NA,NA,NA,3.70456119,0.959961603,111,0.786609499,102.8536932,110.4948148,21389,0.145901466,NA,2019,Wild,cloaca TC ,cloaca Wild ,-0.753825284,TC,2019
C23,2019-06-07,Friday,NA,cloaca,NA,TC,TC,TC215H,wild,N,adult,NA,NA,NA,NA,NA,NA,NA,NA,NA,NA,NA,NA,NA,NA,NA,NA,NA,NA,NA,NA,NA,NA,NA,NA,NA,NA,NA,3.762194212,0.955447827,125,0.779194232,118.4979143,124.9207534,13273,0.145901466,NA,2019,Wild,cloaca TC ,cloaca Wild ,-1.745140911,TC,2019
C24,2019-08-08,Thursday,C7,cloaca,NA,Cosley,tub11,18-121,captive,N,juvenile,NA,71.35,76.25,59.69,70.92,42.4,31.52,43,5.96,2.71,2.13,3.24,1.81,0.78,0.138604651,0.063023256,0.049534884,0.075348837,0.042093023,0.018139535,0.195003648,0.114206027,0.080790753,0.118048008,0.066791729,0.043259129,-20,3.690373048,0.941338733,160,0.727142199,138.8942699,156.0216769,25236,0.505567686,1.00606317,2019,Cosley,cloaca Cosley ,cloaca Cosley ,-0.283939723,tub11,tub11
C25,2019-08-08,Thursday,C7,cloaca,NA,Cosley,tub11,18-123,captive,N,juvenile,NA,66.9,74.01,58.26,71.33,43.04,31.76,43,7.05,3.89,2.7,4.51,2.8,1.58,0.163953488,0.090465116,0.062790698,0.104883721,0.065116279,0.036744186,0.187924399,0.118260125,0.084386519,0.125300469,0.068659764,0.048127812,-20,3.78009986,0.949666991,139,0.766059343,127.7981597,137.8750445,22518,0.505567686,0.937894294,2019,Cosley,cloaca Cosley ,cloaca Cosley ,-0.615925415,tub11,tub11
C26,2019-08-08,Thursday,C7,cloaca,NA,Cosley,tub11,18-124,captive,N,juvenile,NA,61.81,73.85,57.57,69.01,40.85,29.17,43,6.04,2.41,1.36,2.65,1.98,1.04,0.140465116,0.056046512,0.031627907,0.061627907,0.046046512,0.024186047,0.154803319,0.106896403,0.076218598,0.104102805,0.053647265,0.036755623,-20,3.63849893,0.944380579,141,0.735234485,123.9768613,137.7606798,26023,0.505567686,0.895667295,2019,Cosley,cloaca Cosley ,cloaca Cosley ,-0.187812887,tub11,tub11
C27,2019-08-08,Thursday,C7,cloaca,NA,Cosley,tub11,18-141,captive,N,juvenile,NA,69.41,74.84,59.39,70.57,41.53,30.88,43,9.19,3.6,2.25,3.42,1.97,1.57,0.21372093,0.08372093,0.052325581,0.079534884,0.045813953,0.036511628,0.201630737,0.130404686,0.091482712,0.126979722,0.066425522,0.052580458,-20,3.362369523,0.933482069,117,0.706057689,104.7401435,115.006043,27267,0.505567686,0.98356242,2019,Cosley,cloaca Cosley ,cloaca Cosley ,-0.035866529,tub11,tub11
C28,2019-08-08,Thursday,C7,cloaca,NA,Cosley,tub11,18-156,captive,N,juvenile,NA,61.89,71.56,57.73,66.36,39.85,28.98,43,6.7,2.8,1.57,2.69,1.93,0.95,0.155813953,0.065116279,0.036511628,0.06255814,0.044883721,0.022093023,0.173957332,0.111954515,0.077755204,0.109773571,0.059070579,0.040405857,-20,3.454069327,0.919042148,148,0.69119924,128.2324454,144.2664236,30234,0.505567686,0.932640145,2019,Cosley,cloaca Cosley ,cloaca Cosley ,0.326532862,tub11,tub11
P01,2018-09-18,Tuesday,NA,plastron,NA,PW,PW,PW19,wild,N,adult,NA,NA,NA,NA,NA,NA,NA,NA,NA,NA,NA,NA,NA,NA,NA,NA,NA,NA,NA,NA,NA,NA,NA,NA,NA,NA,NA,3.893779995,0.952573309,172,0.756441801,162.3350858,171.272217,19453,-1.373978368,NA,2018,Wild,plastron PW ,plastron Wild ,-0.990294857,PW,2018
P10,2018-11-01,Thursday,C7,plastron,NA,Cosley,tub7,18-134,captive,N,juvenile,TC205H,12.01,38.53,33.87,34.74,23.55,17.13,24,0.84,1.04,0.6,0.82,0.56,0.62,0.035,0.043333333,0.025,0.034166667,0.023333333,0.025833333,0.07982748,0.071450876,0.04655852,0.066971721,0.033419312,0.029261928,10,3.378116509,0.927622499,131,0.692918929,115.3146328,128.540355,26621,-1.118731373,0.345710996,2018,Cosley,plastron Cosley ,plastron Cosley ,-0.114771149,tub7,tub7
P100,2019-05-30,Thursday,C7,plastron,NA,Cosley,tub11,18-123,captive,N,juvenile,NA,59.85,70.12,55.56,66.82,40.24,30.18,24,8.58,2.79,1.7,3.3,1.72,1.02,0.3575,0.11625,0.070833333,0.1375,0.071666667,0.0425,0.187924399,0.118260125,0.084386519,0.125300469,0.068659764,0.048127812,7,3.558750457,0.935488537,147,0.713114624,127.0813991,141.9017017,34302,0.099492921,0.895689913,2019,Cosley,plastron Cosley ,plastron Cosley ,0.82341211,tub11,tub11
P101,2019-05-30,Thursday,C7,plastron,NA,Cosley,tub11,18-124,captive,N,juvenile,NA,55.77,71.44,56.21,66.36,38.87,28.13,24,4.34,0.96,1.08,1.39,0.52,0.85,0.180833333,0.04,0.045,0.057916667,0.021666667,0.035416667,0.154803319,0.106896403,0.076218598,0.104102805,0.053647265,0.036755623,7,3.583663114,0.944525118,143,0.722098591,125.6275671,139.6364491,35744,0.099492921,0.840415913,2019,Cosley,plastron Cosley ,plastron Cosley ,0.999542855,tub11,tub11
P102,2019-05-30,Thursday,C7,plastron,NA,Cosley,tub11,18-138,captive,N,juvenile,NA,52.35,66.87,54.33,60.55,38.42,28.16,24,6.37,1.47,1.09,1.78,1.23,6.02,0.265416667,0.06125,0.045416667,0.074166667,0.05125,0.250833333,0.157590454,0.115017594,0.086710211,0.106747055,0.066270857,0.027346367,7,3.764964222,0.953876194,160,0.741839464,137.6339877,154.2326704,36063,0.099492921,0.864574732,2019,Cosley,plastron Cosley ,plastron Cosley ,1.038506592,tub11,tub11
P103,2019-05-30,Thursday,C7,plastron,NA,Cosley,tub11,18-141,captive,N,juvenile,NA,60.22,71.24,57.14,67.15,39.56,29.31,24,5.39,2.2,2.22,1.84,1.4,0.51,0.224583333,0.091666667,0.0925,0.076666667,0.058333333,0.02125,0.201630737,0.130404686,0.091482712,0.126979722,0.066425522,0.052580458,7,3.603572107,0.955771888,120,0.752705655,107.0305303,117.8454202,24524,0.099492921,0.896798213,2019,Cosley,plastron Cosley ,plastron Cosley ,-0.370905805,tub11,tub11
P104,2019-05-30,Thursday,C7,plastron,NA,Cosley,tub4,18-136,captive,N,juvenile,TC205H,27.72,53.6,45.04,50.35,30.67,22.87,24,4.01,3.13,2.46,3.12,1.72,1.2,0.167083333,0.130416667,0.1025,0.13,0.071666667,0.05,0.07753647,0.06928219,0.050437524,0.069445349,0.03482678,0.030381495,7,3.566248076,0.939567674,147,0.714617022,133.6887108,145.4895238,26522,0.099492921,0.550546177,2019,Cosley,plastron Cosley ,plastron Cosley ,-0.126863343,tub4,tub4
P105,2019-05-30,Thursday,C7,plastron,NA,Cosley,tub4,18-159,captive,N,juvenile,PW11,27.69,55.53,45.94,48.86,29,22.93,24,2.7,2.55,1.41,2.33,0.99,1.21,0.1125,0.10625,0.05875,0.097083333,0.04125,0.050416667,0.070974081,0.057392223,0.042693336,0.054157594,0.026917378,0.022157066,7,4.032378599,0.957706451,188,0.770060783,162.8612249,182.3323599,30472,0.099492921,0.566721244,2019,Cosley,plastron Cosley ,plastron Cosley ,0.355602986,tub4,tub4
P106,2019-05-30,Thursday,C7,plastron,NA,Cosley,tub5,18-148,captive,N,juvenile,PW11,26.08,54.6,45.48,47.75,29.23,22.57,24,1.36,1.55,1.45,1.31,0.41,0.44,0.056666667,0.064583333,0.060416667,0.054583333,0.017083333,0.018333333,0.054650506,0.051608584,0.039524903,0.049666584,0.023498673,0.016385396,7,3.155614762,0.881664133,142,0.636748362,120.0637155,137.1737641,34884,0.099492921,0.54617801,2019,Cosley,plastron Cosley ,plastron Cosley ,0.894499553,tub5,tub5
P107,2019-05-30,Thursday,C7,plastron,NA,Cosley,tub6,18-134,captive,N,juvenile,TC205H,31.58,56.7,46.7,51.83,32.22,23.51,24,2.28,1.31,0.93,1.06,0.95,0.58,0.095,0.054583333,0.03875,0.044166667,0.039583333,0.024166667,0.07982748,0.071450876,0.04655852,0.066971721,0.033419312,0.029261928,7,3.453191083,0.919903498,141,0.697789175,125.0117492,137.3652511,27994,0.099492921,0.609299633,2019,Cosley,plastron Cosley ,plastron Cosley ,0.052931704,tub6,tub6
P108,2019-05-30,Thursday,C7,plastron,NA,Cosley,tub6,18-149,captive,N,juvenile,PW11,32.95,58.46,48.11,52.88,30.58,24.08,24,4.37,2.76,2.03,2.53,1.07,1.08,0.182083333,0.115,0.084583333,0.105416667,0.044583333,0.045,0.106265948,0.070244633,0.047158133,0.066868241,0.032596575,0.028613896,7,3.223621364,0.899310526,135,0.657174472,120.1338751,132.7640012,26354,0.099492921,0.623108926,2019,Cosley,plastron Cosley ,plastron Cosley ,-0.14738343,tub6,tub6
P109,2019-05-30,Thursday,C7,plastron,NA,Cosley,tub8,18-127,captive,N,juvenile,PW15,36.65,60.18,49.64,55.4,33.37,24.82,24,3.1,1.71,1.44,1.78,1.54,0.77,0.129166667,0.07125,0.06,0.074166667,0.064166667,0.032083333,0.104845008,0.082145011,0.060822953,0.079934896,0.041429175,0.031029788,7,3.273686253,0.906639388,154,0.649933901,129.5816452,149.8634959,37481,0.099492921,0.661552347,2019,Cosley,plastron Cosley ,plastron Cosley ,1.211705897,tub8,tub8
P11,2018-11-01,Thursday,C7,plastron,NA,Cosley,tub7,18-135,captive,N,juvenile,TC205H,12.39,38.89,34.62,36.02,23.3,16.8,24,0.81,1.09,1.42,0.87,0.76,-1.06,0.03375,0.045416667,0.059166667,0.03625,0.031666667,-0.044166667,0.128065493,0.092393778,0.072873217,0.093295681,0.049597459,0.035769655,10,3.326108184,0.902041809,168,0.64912794,139.1415095,160.4799684,32743,-1.118731373,0.343975569,2018,Cosley,plastron Cosley ,plastron Cosley ,0.632990589,tub7,tub7
P110,2019-05-30,Thursday,C7,plastron,NA,Cosley,tub8,18-130,captive,N,juvenile,PW56,40.01,60.9,48.71,56.48,33.52,27.01,24,4.64,2.19,1.18,2.61,1.58,1.74,0.193333333,0.09125,0.049166667,0.10875,0.065833333,0.0725,0.120290986,0.085983767,0.06333519,0.088381927,0.049451796,0.037344286,7,3.923868589,0.964822793,188,0.749338695,152.0237708,179.4712509,34719,0.099492921,0.708392351,2019,Cosley,plastron Cosley ,plastron Cosley ,0.874345897,tub8,tub8
P111,2019-05-30,Thursday,C7,plastron,NA,Cosley,tub8,18-162,captive,N,juvenile,PW15,35.31,59.51,48.66,54.61,32.02,24.62,24,1.94,1.23,1.4,1.78,1.1,0.06,0.080833333,0.05125,0.058333333,0.074166667,0.045833333,0.0025,0.091779416,0.076592403,0.057803118,0.076176952,0.035498196,0.032760526,7,3.797528379,0.952133555,160,0.748255827,139.4896208,153.9987989,32249,0.099492921,0.646584875,2019,Cosley,plastron Cosley ,plastron Cosley ,0.572651762,tub8,tub8
P112,2019-05-30,Thursday,C7,plastron,NA,Cosley,tub9,18-135,captive,N,juvenile,TC205H,40.81,61.93,52.19,59.68,35.01,25.49,24,2.77,1.18,2.51,2.34,1.25,0.2,0.115416667,0.049166667,0.104583333,0.0975,0.052083333,0.008333333,0.128065493,0.092393778,0.072873217,0.093295681,0.049597459,0.035769655,7,3.723207132,0.948927524,160,0.733611748,137.3162118,155.7087575,27022,0.099492921,0.683813673,2019,Cosley,plastron Cosley ,plastron Cosley ,-0.065791656,tub9,tub9
P113,2019-05-30,Thursday,C7,plastron,NA,Cosley,tub10,18-131,captive,N,juvenile,PW56,42.72,62.9,50.2,58.9,34.65,26.59,24,0.93,0.41,0.45,0.74,0.34,-0.27,0.03875,0.017083333,0.01875,0.030833333,0.014166667,-0.01125,0.099457553,0.07702598,0.051551816,0.073209485,0.038250205,0.029091916,7,2.737356156,0.851158439,128,0.564167164,102.6607693,121.4388935,39316,0.099492921,0.725297114,2019,Cosley,plastron Cosley ,plastron Cosley ,1.435838989,tub10,tub10
P114,2019-06-05,Wednesday,NA,plastron,NA,PW,marsh1,PW54,wild,N,adult,NA,NA,NA,NA,NA,NA,NA,NA,NA,NA,NA,NA,NA,NA,NA,NA,NA,NA,NA,NA,NA,NA,NA,NA,NA,NA,NA,3.504034531,0.881121219,147,0.702150459,138.821726,146.7037714,18901,0.13429933,NA,2019,Wild,plastron PW ,plastron Wild ,-1.057718,PW,2019
P115,2019-06-05,Wednesday,NA,plastron,NA,PW,marsh1,PW19,wild,N,adult,NA,NA,NA,NA,NA,NA,NA,NA,NA,NA,NA,NA,NA,NA,NA,NA,NA,NA,NA,NA,NA,NA,NA,NA,NA,NA,NA,3.326756447,0.919840557,125,0.68901,114.5644228,123.4929986,27379,0.13429933,NA,2019,Wild,plastron PW ,plastron Wild ,-0.022186472,PW,2019
P116,2019-06-05,Wednesday,NA,plastron,NA,PW,marsh1,PW17,wild,N,adult,NA,NA,NA,NA,NA,NA,NA,NA,NA,NA,NA,NA,NA,NA,NA,NA,NA,NA,NA,NA,NA,NA,NA,NA,NA,NA,NA,3.0676541,0.855042497,114,0.647703877,106.6253353,113.0565746,26048,0.13429933,NA,2019,Wild,plastron PW ,plastron Wild ,-0.184759303,PW,2019
P117,2019-06-05,Wednesday,NA,plastron,NA,PW,marsh1,PW11,wild,N,adult,NA,NA,NA,NA,NA,NA,NA,NA,NA,NA,NA,NA,NA,NA,NA,NA,NA,NA,NA,NA,NA,NA,NA,NA,NA,NA,NA,3.395830023,0.918712224,126,0.702157171,120.5257829,125.9953963,11925,0.13429933,NA,2019,Wild,plastron PW ,plastron Wild ,-1.90979018,PW,2019
P118,2019-06-05,Wednesday,NA,plastron,NA,PW,marsh1,PW56,wild,N,adult,NA,NA,NA,NA,NA,NA,NA,NA,NA,NA,NA,NA,NA,NA,NA,NA,NA,NA,NA,NA,NA,NA,NA,NA,NA,NA,NA,2.589796923,0.842932415,91,0.574124936,79.59328477,89.88878001,22720,0.13429933,NA,2019,Wild,plastron PW ,plastron Wild ,-0.591252453,PW,2019
P119,2019-06-05,Wednesday,NA,plastron,NA,PW,marsh2,PW16,wild,N,adult,NA,NA,NA,NA,NA,NA,NA,NA,NA,NA,NA,NA,NA,NA,NA,NA,NA,NA,NA,NA,NA,NA,NA,NA,NA,NA,NA,3.91596301,0.948738681,193,0.744099096,178.6791687,191.6581784,22618,0.13429933,NA,2019,Wild,plastron PW ,plastron Wild ,-0.603711077,PW,2019
P12,2018-11-01,Thursday,C7,plastron,NA,Cosley,tub7,18-157,captive,N,juvenile,NA,12.5,39.7,34.63,35.1,23.5,17.56,24,0.76,0.51,0.8,0.57,0.49,0.06,0.031666667,0.02125,0.033333333,0.02375,0.020416667,0.0025,0.155005468,0.102895397,0.071457444,0.098920745,0.050368809,0.040961645,10,3.219690781,0.894764726,175,0.623392876,142.9015979,167.3672411,33211,-1.118731373,0.356125356,2018,Cosley,plastron Cosley ,plastron Cosley ,0.690153688,tub7,tub7
P120,2019-06-05,Wednesday,NA,plastron,NA,PW,marsh3,PW14,wild,N,adult,NA,NA,NA,NA,NA,NA,NA,NA,NA,NA,NA,NA,NA,NA,NA,NA,NA,NA,NA,NA,NA,NA,NA,NA,NA,NA,NA,3.336616603,0.885225258,147,0.66860268,130.7770995,144.4692326,28031,0.13429933,NA,2019,Wild,plastron PW ,plastron Wild ,0.057451009,PW,2019
P121,2019-06-07,Friday,NA,plastron,NA,TC,TC,TC03-077,wild,N,adult,NA,NA,NA,NA,NA,NA,NA,NA,NA,NA,NA,NA,NA,NA,NA,NA,NA,NA,NA,NA,NA,NA,NA,NA,NA,NA,NA,3.578737411,0.919861393,197,0.677380165,172.4656756,193.2168987,31623,0.145901466,NA,2019,Wild,plastron TC ,plastron Wild ,0.496190009,TC,2019
P122,2019-06-07,Friday,NA,plastron,NA,TC,TC,TC209H,wild,N,adult,NA,NA,NA,NA,NA,NA,NA,NA,NA,NA,NA,NA,NA,NA,NA,NA,NA,NA,NA,NA,NA,NA,NA,NA,NA,NA,NA,3.729643394,0.949975604,178,0.719760553,157.9115569,175.2120864,29746,0.145901466,NA,2019,Wild,plastron TC ,plastron Wild ,0.266926896,TC,2019
P123,2019-06-07,Friday,NA,plastron,NA,TC,TC,TC215H,wild,N,adult,NA,NA,NA,NA,NA,NA,NA,NA,NA,NA,NA,NA,NA,NA,NA,NA,NA,NA,NA,NA,NA,NA,NA,NA,NA,NA,NA,3.408357318,0.928706977,144,0.685811944,132.1216835,142.9250753,30602,0.145901466,NA,2019,Wild,plastron TC ,plastron Wild ,0.371481624,TC,2019
P124,2019-08-08,Thursday,C7,plastron,NA,Cosley,tub11,18-121,captive,N,juvenile,NA,71.35,76.25,59.69,70.92,42.4,31.52,43,5.96,2.71,2.13,3.24,1.81,0.78,0.138604651,0.063023256,0.049534884,0.075348837,0.042093023,0.018139535,0.195003648,0.114206027,0.080790753,0.118048008,0.066791729,0.043259129,-20,3.137297863,0.914558303,121,0.654177415,101.8399238,115.8302357,43651,0.505567686,1.00606317,2019,Cosley,plastron Cosley ,plastron Cosley ,1.965330517,tub11,tub11
P125,2019-08-08,Thursday,C7,plastron,NA,Cosley,tub11,18-123,captive,N,juvenile,NA,66.9,74.01,58.26,71.33,43.04,31.76,43,7.05,3.89,2.7,4.51,2.8,1.58,0.163953488,0.090465116,0.062790698,0.104883721,0.065116279,0.036744186,0.187924399,0.118260125,0.084386519,0.125300469,0.068659764,0.048127812,-20,3.492771749,0.943349775,136,0.710974378,116.3541048,130.4028379,38188,0.505567686,0.937894294,2019,Cosley,plastron Cosley ,plastron Cosley ,1.298061262,tub11,tub11
P126,2019-08-08,Thursday,C7,plastron,NA,Cosley,tub11,18-124,captive,N,juvenile,NA,61.81,73.85,57.57,69.01,40.85,29.17,43,6.04,2.41,1.36,2.65,1.98,1.04,0.140465116,0.056046512,0.031627907,0.061627907,0.046046512,0.024186047,0.154803319,0.106896403,0.076218598,0.104102805,0.053647265,0.036755623,-20,3.479493917,0.935560257,143,0.701108775,121.7089705,138.0463659,35012,0.505567686,0.895667295,2019,Cosley,plastron Cosley ,plastron Cosley ,0.910133905,tub11,tub11
P127,2019-08-08,Thursday,C7,plastron,NA,Cosley,tub11,18-141,captive,N,juvenile,NA,69.41,74.84,59.39,70.57,41.53,30.88,43,9.19,3.6,2.25,3.42,1.97,1.57,0.21372093,0.08372093,0.052325581,0.079534884,0.045813953,0.036511628,0.201630737,0.130404686,0.091482712,0.126979722,0.066425522,0.052580458,-20,3.399123245,0.932736611,136,0.69191167,117.9969718,131.7443927,34944,0.505567686,0.98356242,2019,Cosley,plastron Cosley ,plastron Cosley ,0.901828156,tub11,tub11
P128,2019-08-08,Thursday,C7,plastron,NA,Cosley,tub11,18-156,captive,N,juvenile,NA,61.89,71.56,57.73,66.36,39.85,28.98,43,6.7,2.8,1.57,2.69,1.93,0.95,0.155813953,0.065116279,0.036511628,0.06255814,0.044883721,0.022093023,0.173957332,0.111954515,0.077755204,0.109773571,0.059070579,0.040405857,-20,3.517872,0.937581426,142,0.709845594,124.3637504,138.2743388,34600,0.505567686,0.932640145,2019,Cosley,plastron Cosley ,plastron Cosley ,0.859810835,tub11,tub11
P129,2019-08-08,Thursday,C7,plastron,NA,Cosley,tub7,18-139,captive,N,juvenile,NA,42.79,63.03,52.44,59.84,34.89,26.92,43,8.94,5.12,4.16,5.85,3.02,2.1,0.207906977,0.119069767,0.096744186,0.136046512,0.070232558,0.048837209,0.100215401,0.074708588,0.05514898,0.072271176,0.032951048,0.032999934,-20,3.449133643,0.935069153,144,0.694016744,120.5127125,138.4792247,32157,0.505567686,0.715073529,2019,Cosley,plastron Cosley ,plastron Cosley ,0.561414571,tub7,tub7
P13,2018-11-01,Thursday,C7,plastron,NA,Cosley,tub7,18-162,captive,N,juvenile,PW15,13.12,40.38,34.75,36.28,23.19,17.72,24,0.53,1,0.93,0.92,0.38,-0.1,0.022083333,0.041666667,0.03875,0.038333333,0.015833333,-0.004166667,0.091779416,0.076592403,0.057803118,0.076176952,0.035498196,0.032760526,10,2.919892201,0.862456769,134,0.596159189,107.4840347,127.444132,35021,-1.118731373,0.361631753,2018,Cosley,plastron Cosley ,plastron Cosley ,0.911233196,tub7,tub7
P130,2019-08-08,Thursday,C7,plastron,NA,Cosley,tub7,18-147,captive,N,juvenile,NA,39.55,62.68,50.88,59.17,35.07,25.81,43,4.72,2.84,1.76,2.71,1.66,1.17,0.109767442,0.066046512,0.040930233,0.063023256,0.038604651,0.027209302,0.105125623,0.088618998,0.062793494,0.087674286,0.053246375,0.035924818,-20,3.251381846,0.918969543,154,0.645505746,124.3712784,146.8906726,33517,0.505567686,0.668413047,2019,Cosley,plastron Cosley ,plastron Cosley ,0.727529561,tub7,tub7
P131,2019-08-08,Thursday,C7,plastron,NA,Cosley,tub7,18-151,captive,N,juvenile,NA,39.41,61.56,49.42,58.45,33.67,26.44,43,4.81,3.19,2.03,3.32,1.84,0.94,0.111860465,0.074186047,0.047209302,0.077209302,0.042790698,0.021860465,0.087553862,0.075799864,0.047596261,0.074160691,0.033399124,0.026436578,-20,3.37467325,0.924591845,151,0.672610131,132.0754708,147.9151825,31666,0.505567686,0.674251497,2019,Cosley,plastron Cosley ,plastron Cosley ,0.501442175,tub7,tub7
P132,2019-08-08,Thursday,C7,plastron,NA,Cosley,tub7,18-154,captive,N,juvenile,NA,33.93,58.83,49.32,54.6,32.2,23.86,43,0.96,1.22,0.91,1.59,0.36,-0.22,0.022325581,0.028372093,0.021162791,0.036976744,0.008372093,-0.005116279,0.069453746,0.062530315,0.046685487,0.061019049,0.030482356,0.01664707,-20,3.484682442,0.931810209,143,0.702154248,123.8161044,138.6239137,32380,0.505567686,0.621428571,2019,Cosley,plastron Cosley ,plastron Cosley ,0.588652544,tub7,tub7
P133,2019-08-08,Thursday,C7,plastron,NA,Cosley,tub7,18-161,captive,N,juvenile,NA,36.48,59.55,48.67,55.23,32.98,25.51,43,2.81,1.23,1.07,2.09,1.29,0.61,0.065348837,0.028604651,0.024883721,0.048604651,0.03,0.014186047,0.08606754,0.067589905,0.050945746,0.066267124,0.032205461,0.026222801,-20,3.348307965,0.932563542,155,0.663895644,124.2435533,147.4429555,38005,0.505567686,0.660510592,2019,Cosley,plastron Cosley ,plastron Cosley ,1.275709025,tub7,tub7
P134,2019-08-08,Thursday,C7,plastron,NA,Cosley,tub7,18-167,captive,N,juvenile,NA,40.84,62.71,49.85,58.71,33.82,25.7,43,6.69,3.5,2.21,3.67,2.79,1.47,0.155581395,0.081395349,0.051395349,0.085348837,0.064883721,0.034186047,0.101122878,0.078283898,0.054092798,0.079577892,0.039008423,0.029382455,-20,3.501892326,0.941961199,153,0.69614065,130.7914694,148.1310409,34148,0.505567686,0.695622552,2019,Cosley,plastron Cosley ,plastron Cosley ,0.80460203,tub7,tub7
P135,2019-08-08,Thursday,C7,plastron,NA,Cosley,tub7,18-170,captive,N,juvenile,NA,38.05,62.32,49.11,56.58,32.99,25.85,43,3.51,2.34,2.06,3.01,1.67,1.06,0.081627907,0.054418605,0.047906977,0.07,0.038837209,0.024651163,0.107793629,0.095657006,0.066165634,0.090548307,0.047651889,0.037455795,-20,3.51235822,0.938827712,142,0.708733009,123.5171957,138.1811457,25569,0.505567686,0.672499116,2019,Cosley,plastron Cosley ,plastron Cosley ,-0.243265979,tub7,tub7
P136,2018-11-09,Friday,C1,plastron,NA,Cosley,tub7,18-136,captive,N,juvenile,TC205H,11.74,37.92,34.35,35.22,23.55,16.78,24,0.51,0.6,1.57,0.56,0.48,0.17,0.02125,0.025,0.065416667,0.023333333,0.02,0.007083333,0.07753647,0.06928219,0.050437524,0.069445349,0.03482678,0.030381495,2,3.202068887,0.907276924,141,0.647044706,123.9011381,137.5086033,37716,-1.072322829,0.333333333,2018,Cosley,plastron Cosley ,plastron Cosley ,1.24040959,tub7,tub7
P136.shedd,2020-02-01,Saturday,un,plastron,NA,Shedd,tubAHHR3,61,captive,N,juvenile,NA,NA,NA,NA,NA,NA,NA,NA,NA,NA,NA,NA,NA,NA,NA,NA,NA,NA,NA,NA,NA,NA,NA,NA,NA,NA,NA,3.886275811,0.957605321,205,0.730089898,170.895588,199.4749212,24510,1.532356735,NA,2020,Shedd,plastron Shedd ,plastron Shedd ,-0.372615813,tubAHHR3,tubAHHR3
P137,2020-02-01,Saturday,un,plastron,NA,Shedd,tubAHHR3,66,captive,N,juvenile,NA,NA,NA,NA,NA,NA,NA,NA,NA,NA,NA,NA,NA,NA,NA,NA,NA,NA,NA,NA,NA,NA,NA,NA,NA,NA,NA,3.689498925,0.94284404,162,0.725194902,140.0579667,157.4245116,35767,1.532356735,NA,2020,Shedd,plastron Shedd ,plastron Shedd ,1.002352153,tubAHHR3,tubAHHR3
P138,2020-02-01,Saturday,un,plastron,NA,Shedd,tubAHHR3,73,captive,N,juvenile,NA,NA,NA,NA,NA,NA,NA,NA,NA,NA,NA,NA,NA,NA,NA,NA,NA,NA,NA,NA,NA,NA,NA,NA,NA,NA,NA,3.49194741,0.914152188,191,0.66484494,158.9734885,185.3745838,24102,1.532356735,NA,2020,Shedd,plastron Shedd ,plastron Shedd ,-0.422450309,tubAHHR3,tubAHHR3
P139,2020-02-01,Saturday,un,plastron,NA,Shedd,tubAHHR3,70,captive,N,juvenile,NA,NA,NA,NA,NA,NA,NA,NA,NA,NA,NA,NA,NA,NA,NA,NA,NA,NA,NA,NA,NA,NA,NA,NA,NA,NA,NA,3.705014937,0.9328443,166,0.724769911,152.0581775,165.3818881,16119,1.532356735,NA,2020,Shedd,plastron Shedd ,plastron Shedd ,-1.397520867,tubAHHR3,tubAHHR3
P14,2018-11-01,Thursday,C7,plastron,NA,Cosley,tub11,18-148,captive,N,juvenile,PW11,13.57,40.64,36.44,35.83,23.9,17.88,24,0.3,0.07,1.69,0.32,0.51,-0.48,0.0125,0.002916667,0.070416667,0.013333333,0.02125,-0.02,0.054650506,0.051608584,0.039524903,0.049666584,0.023498673,0.016385396,10,3.402707109,0.920756377,161,0.669639112,136.9851117,156.2117509,27942,-1.118731373,0.378732905,2018,Cosley,plastron Cosley ,plastron Cosley ,0.046580248,tub11,tub11
P140,2020-02-01,Saturday,un,plastron,NA,Shedd,tubAHHR3,71,captive,N,juvenile,NA,NA,NA,NA,NA,NA,NA,NA,NA,NA,NA,NA,NA,NA,NA,NA,NA,NA,NA,NA,NA,NA,NA,NA,NA,NA,NA,3.674611942,0.949717568,158,0.725835647,133.465414,153.2203711,28450,1.532356735,NA,2020,Shedd,plastron Shedd ,plastron Shedd ,0.108629082,tubAHHR3,tubAHHR3
P141,2020-02-01,Saturday,un,plastron,NA,Shedd,tubAHHR2,64,captive,N,juvenile,NA,NA,NA,NA,NA,NA,NA,NA,NA,NA,NA,NA,NA,NA,NA,NA,NA,NA,NA,NA,NA,NA,NA,NA,NA,NA,NA,3.569799048,0.93827236,161,0.702522136,135.7377246,155.0039916,29863,1.532356735,NA,2020,Shedd,plastron Shedd ,plastron Shedd ,0.281217671,tubAHHR2,tubAHHR2
P142,2020-02-01,Saturday,un,plastron,NA,Shedd,tubAHHR2,65,captive,N,juvenile,NA,NA,NA,NA,NA,NA,NA,NA,NA,NA,NA,NA,NA,NA,NA,NA,NA,NA,NA,NA,NA,NA,NA,NA,NA,NA,NA,3.557930878,0.946140693,114,0.751220819,106.4829821,113.5501539,16957,1.532356735,NA,2020,Shedd,plastron Shedd ,plastron Shedd ,-1.29516472,tubAHHR2,tubAHHR2
P143,2020-02-01,Saturday,un,plastron,NA,Shedd,tubAHHR2,75,captive,N,juvenile,NA,NA,NA,NA,NA,NA,NA,NA,NA,NA,NA,NA,NA,NA,NA,NA,NA,NA,NA,NA,NA,NA,NA,NA,NA,NA,NA,3.353486974,0.923110113,165,0.656780804,136.060594,157.3125505,39639,1.532356735,NA,2020,Shedd,plastron Shedd ,plastron Shedd ,1.475291299,tubAHHR2,tubAHHR2
P144,2020-02-01,Saturday,un,plastron,NA,Shedd,tubAHHR2,83,captive,N,juvenile,NA,NA,NA,NA,NA,NA,NA,NA,NA,NA,NA,NA,NA,NA,NA,NA,NA,NA,NA,NA,NA,NA,NA,NA,NA,NA,NA,3.563092676,0.945950712,144,0.716946988,119.6924218,138.6313826,31012,1.532356735,NA,2020,Shedd,plastron Shedd ,plastron Shedd ,0.421560408,tubAHHR2,tubAHHR2
P145,2020-02-01,Saturday,un,plastron,NA,Shedd,tubAHHR2,68,captive,N,juvenile,NA,NA,NA,NA,NA,NA,NA,NA,NA,NA,NA,NA,NA,NA,NA,NA,NA,NA,NA,NA,NA,NA,NA,NA,NA,NA,NA,3.610421454,0.945986928,180,0.695253505,147.7859843,173.62928,31259,1.532356735,NA,2020,Shedd,plastron Shedd ,plastron Shedd ,0.451729821,tubAHHR2,tubAHHR2
P15,2018-11-01,Thursday,C7,plastron,NA,Cosley,tub11,18-149,captive,N,juvenile,PW11,14.08,42.07,36.5,37.37,23.25,17.75,24,0.49,1.05,1.26,0.78,0.64,-0.7,0.020416667,0.04375,0.0525,0.0325,0.026666667,-0.029166667,0.106265948,0.070244633,0.047158133,0.066868241,0.032596575,0.028613896,10,2.931837521,0.867557488,120,0.612395317,103.5447927,117.3264303,29496,-1.118731373,0.376772812,2018,Cosley,plastron Cosley ,plastron Cosley ,0.236391052,tub11,tub11
P156,2020-04-08,Wednesday,un,plastron,NA,Shedd,tubAHHR3,64,captive,N,juvenile,NA,NA,NA,NA,NA,NA,NA,NA,NA,NA,NA,NA,NA,NA,NA,NA,NA,NA,NA,NA,NA,NA,NA,NA,NA,NA,NA,3.411948749,0.924887761,117,0.716468738,103.947768,115.8709123,17273,1.921028296,NA,2020,Shedd,plastron Shedd ,plastron Shedd ,-1.256567413,tubAHHR3,tubAHHR3
P157,2020-04-08,Wednesday,un,plastron,NA,Shedd,tubAHHR3,65,captive,N,juvenile,NA,NA,NA,NA,NA,NA,NA,NA,NA,NA,NA,NA,NA,NA,NA,NA,NA,NA,NA,NA,NA,NA,NA,NA,NA,NA,NA,3.203027813,0.89217103,158,0.632684975,123.2084696,147.1437576,37210,1.921028296,NA,2020,Shedd,plastron Shedd ,plastron Shedd ,1.178605042,tubAHHR3,tubAHHR3
P158,2020-04-08,Wednesday,un,plastron,NA,Shedd,tubAHHR3,75,captive,N,juvenile,NA,NA,NA,NA,NA,NA,NA,NA,NA,NA,NA,NA,NA,NA,NA,NA,NA,NA,NA,NA,NA,NA,NA,NA,NA,NA,NA,3.549424478,0.929130332,197,0.671831839,156.6794652,187.9380703,33497,1.921028296,NA,2020,Shedd,plastron Shedd ,plastron Shedd ,0.725086693,tubAHHR3,tubAHHR3
P159,2020-04-08,Wednesday,un,plastron,NA,Shedd,tubAHHR3,68,captive,N,juvenile,NA,NA,NA,NA,NA,NA,NA,NA,NA,NA,NA,NA,NA,NA,NA,NA,NA,NA,NA,NA,NA,NA,NA,NA,NA,NA,NA,3.71410253,0.955072328,125,0.769233884,112.7829358,122.9212907,23703,1.921028296,NA,2020,Shedd,plastron Shedd ,plastron Shedd ,-0.471185516,tubAHHR3,tubAHHR3
P16,2018-11-01,Thursday,C7,plastron,NA,Cosley,tub11,18-150,captive,N,juvenile,PW11,14.65,42.12,35.74,36.93,23.35,18.03,24,0.57,0.55,1.09,0.42,0.24,-0.41,0.02375,0.022916667,0.045416667,0.0175,0.01,-0.017083333,0.080667819,0.06805265,0.04874058,0.068509229,0.031971298,0.025577578,10,3.0983998,0.86992476,142,0.625203375,126.4806419,139.6361006,30665,-1.118731373,0.396696453,2018,Cosley,plastron Cosley ,plastron Cosley ,0.379176657,tub11,tub11
P160,2020-04-08,Wednesday,un,plastron,NA,Shedd,tubAHHR3,83,captive,N,juvenile,NA,NA,NA,NA,NA,NA,NA,NA,NA,NA,NA,NA,NA,NA,NA,NA,NA,NA,NA,NA,NA,NA,NA,NA,NA,NA,NA,3.31968889,0.906028962,160,0.654103487,132.7567701,154.7939881,26854,1.921028296,NA,2020,Shedd,plastron Shedd ,plastron Shedd ,-0.086311743,tubAHHR3,tubAHHR3
P161,2020-04-08,Wednesday,un,plastron,NA,Shedd,tubAHHR2,61,captive,N,juvenile,NA,NA,NA,NA,NA,NA,NA,NA,NA,NA,NA,NA,NA,NA,NA,NA,NA,NA,NA,NA,NA,NA,NA,NA,NA,NA,NA,3.125360438,0.914743053,119,0.653961012,103.3170211,116.1214818,30083,1.921028296,NA,2020,Shedd,plastron Shedd ,plastron Shedd ,0.308089213,tubAHHR2,tubAHHR2
P162,2020-04-08,Wednesday,un,plastron,NA,Shedd,tubAHHR3,66,captive,N,juvenile,NA,NA,NA,NA,NA,NA,NA,NA,NA,NA,NA,NA,NA,NA,NA,NA,NA,NA,NA,NA,NA,NA,NA,NA,NA,NA,NA,3.580483346,0.941855035,162,0.703767184,138.8814085,158.0894566,23580,1.921028296,NA,2020,Shedd,plastron Shedd ,plastron Shedd ,-0.486209151,tubAHHR3,tubAHHR3
P163,2020-04-08,Wednesday,un,plastron,NA,Shedd,tubAHHR3,73,captive,N,juvenile,NA,NA,NA,NA,NA,NA,NA,NA,NA,NA,NA,NA,NA,NA,NA,NA,NA,NA,NA,NA,NA,NA,NA,NA,NA,NA,NA,3.539813981,0.924833433,217,0.657970543,164.9953919,200.916618,38033,1.921028296,NA,2020,Shedd,plastron Shedd ,plastron Shedd ,1.279129039,tubAHHR3,tubAHHR3
P164,2020-04-08,Wednesday,un,plastron,NA,Shedd,tubAHHR2,70,captive,N,juvenile,NA,NA,NA,NA,NA,NA,NA,NA,NA,NA,NA,NA,NA,NA,NA,NA,NA,NA,NA,NA,NA,NA,NA,NA,NA,NA,NA,3.380018158,0.935124247,167,0.660418571,136.5312789,161.7352249,23301,1.921028296,NA,2020,Shedd,plastron Shedd ,plastron Shedd ,-0.520287152,tubAHHR2,tubAHHR2
P165,2020-04-08,Wednesday,un,plastron,NA,Shedd,tubAHHR2,71,captive,N,juvenile,NA,NA,NA,NA,NA,NA,NA,NA,NA,NA,NA,NA,NA,NA,NA,NA,NA,NA,NA,NA,NA,NA,NA,NA,NA,NA,NA,3.052686852,0.904276786,154,0.606058284,118.7098489,144.7805039,38532,1.921028296,NA,2020,Shedd,plastron Shedd ,plastron Shedd ,1.340078583,tubAHHR2,tubAHHR2
P17,2018-11-01,Thursday,C7,plastron,NA,Cosley,tub11,18-131,captive,N,juvenile,PW56,18.26,44.77,38.76,41.01,25.75,19.9,24,1.84,2.01,1.51,2.14,0.85,0.14,0.076666667,0.08375,0.062916667,0.089166667,0.035416667,0.005833333,0.099457553,0.07702598,0.051551816,0.073209485,0.038250205,0.029091916,10,3.218738898,0.907705371,163,0.631899636,126.4479068,151.8711365,44854,-1.118731373,0.445257254,2018,Cosley,plastron Cosley ,plastron Cosley ,2.112268996,tub11,tub11
P18,2018-11-01,Thursday,C7,plastron,NA,Cosley,tub11,18-133,captive,N,juvenile,PW56,16,43.7,38.25,39.73,24.74,18.47,24,1.55,1.65,1.68,1.46,0.82,-0.31,0.064583333,0.06875,0.07,0.060833333,0.034166667,-0.012916667,0.08952677,0.084312337,0.065790305,0.080991776,0.038771187,0.032458415,10,3.35509117,0.910086541,167,0.65554811,143.424024,162.3615509,37929,-1.118731373,0.402718349,2018,Cosley,plastron Cosley ,plastron Cosley ,1.266426128,tub11,tub11
P19,2018-11-01,Thursday,C7,plastron,NA,Cosley,tub11,18-159,captive,N,juvenile,PW11,14.69,42.66,36.46,37.36,23.75,17.95,24,0.28,0.67,0.56,0.3,0.34,-0.83,0.011666667,0.027916667,0.023333333,0.0125,0.014166667,-0.034583333,0.070974081,0.057392223,0.042693336,0.054157594,0.026917378,0.022157066,10,2.96950632,0.887570215,103,0.64070765,97.93853382,102.7314042,21116,-1.118731373,0.393201285,2018,Cosley,plastron Cosley ,plastron Cosley ,-0.787170425,tub11,tub11
P2,2018-09-20,Thursday,NA,plastron,NA,PW,PW,1L8R9R,wild,N,adult,NA,NA,NA,NA,NA,NA,NA,NA,NA,NA,NA,NA,NA,NA,NA,NA,NA,NA,NA,NA,NA,NA,NA,NA,NA,NA,NA,3.446665014,0.919948353,151,0.686958895,141.800223,150.6875621,14401,-1.362376232,NA,2018,Wild,plastron PW ,plastron Wild ,-1.607363185,PW,2018
P20,2018-11-01,Thursday,C7,plastron,NA,Cosley,tub10,18-121,captive,N,juvenile,NA,15.66,44.19,37.5,37.59,23.68,18.68,24,0.63,0.65,0.36,0.6,0.08,0.06,0.02625,0.027083333,0.015,0.025,0.003333333,0.0025,0.195003648,0.114206027,0.080790753,0.118048008,0.066791729,0.043259129,10,3.561474558,0.932959443,134,0.727152113,120.7656632,132.6248437,20237,-1.118731373,0.41660016,2018,Cosley,plastron Cosley ,plastron Cosley ,-0.894534452,tub10,tub10
P21,2018-11-01,Thursday,C7,plastron,NA,Cosley,tub10,18-124,captive,N,juvenile,NA,16.1,45.29,38.47,39.89,24.65,18.79,24,1.9,2.42,1.67,2.11,0.54,1.21,0.079166667,0.100833333,0.069583333,0.087916667,0.0225,0.050416667,0.154803319,0.106896403,0.076218598,0.104102805,0.053647265,0.036755623,10,3.56096526,0.919139273,183,0.683554031,155.4123354,176.5757717,31084,-1.118731373,0.403609927,2018,Cosley,plastron Cosley ,plastron Cosley ,0.430354731,tub10,tub10
P22,2018-11-01,Thursday,C7,plastron,NA,Cosley,tub10,18-129,captive,N,juvenile,NA,13.7,40.68,35.91,36.8,23.78,17.17,24,0.81,0.63,0.69,0.57,0.16,-0.29,0.03375,0.02625,0.02875,0.02375,0.006666667,-0.012083333,0.075314337,0.062528595,0.041756935,0.061224294,0.032835607,0.023927415,10,2.965950136,0.869568806,136,0.603736718,116.420868,131.3883048,36905,-1.118731373,0.372282609,2018,Cosley,plastron Cosley ,plastron Cosley ,1.141351313,tub10,tub10
P23,2018-11-01,Thursday,C7,plastron,NA,Cosley,tub8,18-132,captive,N,juvenile,NA,13.47,40.36,35.92,37.78,23.77,17.74,24,0.95,1.4,1.01,0.65,0.48,0.65,0.039583333,0.058333333,0.042083333,0.027083333,0.02,0.027083333,0.088095636,0.078192786,0.052751427,0.07558591,0.031659458,0.028956781,10,3.443295225,0.9246945,162,0.67680197,143.4659132,158.5520152,30699,-1.118731373,0.356537851,2018,Cosley,plastron Cosley ,plastron Cosley ,0.383329532,tub8,tub8
P24,2018-11-01,Thursday,C7,plastron,NA,Cosley,tub8,18-146,captive,N,juvenile,NA,12.68,39.58,34.78,35.61,23.78,17.17,24,0.62,0.79,1.39,0.38,0.52,0.13,0.025833333,0.032916667,0.057916667,0.015833333,0.021666667,0.005416667,0.07734067,0.070444953,0.049393926,0.061641318,0.030914616,0.023665298,10,3.192493914,0.893465312,170,0.62161589,144.0905579,164.1792738,36883,-1.118731373,0.356079753,2018,Cosley,plastron Cosley ,plastron Cosley ,1.138664159,tub8,tub8
P25,2018-11-01,Thursday,C7,plastron,NA,Cosley,tub10,18-165,captive,N,juvenile,NA,13.34,39.79,35.71,35.61,23.39,17.76,24,0.03,0.6,0.56,0.24,-0.08,0.13,0.00125,0.025,0.023333333,0.01,-0.003333333,0.005416667,0.099333104,0.076843904,0.053378391,0.079462196,0.041131684,0.033266578,10,3.113125755,0.906219088,145,0.625535927,116.3352796,136.9141149,47842,-1.118731373,0.374613873,2018,Cosley,plastron Cosley ,plastron Cosley ,2.477233399,tub10,tub10
P26,2018-11-01,Thursday,C7,plastron,NA,Cosley,tub5,18-143,captive,N,juvenile,NA,10.22,36.59,31.55,32.56,21.26,16.61,24,0.38,0.44,0.25,0.2,0.52,-0.11,0.015833333,0.018333333,0.010416667,0.008333333,0.021666667,-0.004583333,0.048518709,0.062331017,0.047955282,0.052453984,0.02390279,0.018386776,10,3.413744834,0.910742121,170,0.66469603,136.7000626,159.8146319,60389,-1.118731373,0.313882064,2018,Cosley,plastron Cosley ,plastron Cosley ,4.009766318,tub5,tub5
P27,2018-11-01,Thursday,C7,plastron,NA,Cosley,tub6,18-163,captive,N,juvenile,NA,11.77,38.55,34.45,33.91,23.07,17.02,24,0.59,0.73,0.9,0.93,0.43,0.18,0.024583333,0.030416667,0.0375,0.03875,0.017916667,0.0075,0.027268954,0.030315359,0.027845098,0.02165,0.018748693,0.012970588,10,2.92930001,0.857597002,151,0.583842262,115.9011096,138.6503804,46265,-1.118731373,0.347095252,2018,Cosley,plastron Cosley ,plastron Cosley ,2.284613298,tub6,tub6
P28,2018-12-13,Thursday,C7,plastron,NA,Cosley,tub7,18-127,captive,N,juvenile,PW15,14.28,42.69,37.05,36.74,23.28,17.39,34,1.64,3.23,2.8,1.82,0.43,0.44,0.048235294,0.095,0.082352941,0.053529412,0.012647059,0.012941176,0.104845008,0.082145011,0.060822953,0.079934896,0.041429175,0.031029788,2,3.472530824,0.906634951,171,0.675371071,148.643296,166.368013,31676,-0.875086514,0.388677191,2018,Cosley,plastron Cosley ,plastron Cosley ,0.502663608,tub7,tub7
P29,2018-12-13,Thursday,C7,plastron,NA,Cosley,tub7,18-130,captive,N,juvenile,PW56,14.46,43.18,37.17,37.19,23.25,18.14,34,1.67,2.86,2.33,1.28,0.26,0.34,0.049117647,0.084117647,0.068529412,0.037647059,0.007647059,0.01,0.120290986,0.085983767,0.06333519,0.088381927,0.049451796,0.037344286,2,3.033481658,0.870952113,133,0.62029961,111.2534706,128.5015395,26564,-0.875086514,0.388814197,2018,Cosley,plastron Cosley ,plastron Cosley ,-0.121733322,tub7,tub7
P3,2018-09-20,Thursday,NA,plastron,NA,PW,PW,1L3R8R,wild,N,adult,NA,NA,NA,NA,NA,NA,NA,NA,NA,NA,NA,NA,NA,NA,NA,NA,NA,NA,NA,NA,NA,NA,NA,NA,NA,NA,NA,3.55405485,0.922506737,162,0.698572492,153.0359905,161.6663909,16084,-1.362376232,NA,2018,Wild,plastron PW ,plastron Wild ,-1.401795885,PW,2018
P30,2018-12-13,Thursday,C7,plastron,NA,Cosley,tub7,18-139,captive,N,juvenile,NA,15.23,43.66,38,39.9,24.77,19.07,34,2.6,3.46,2.42,2.68,1.05,1.36,0.076470588,0.101764706,0.071176471,0.078823529,0.030882353,0.04,0.100215401,0.074708588,0.05514898,0.072271176,0.032951048,0.032999934,2,3.322205131,0.905574108,172,0.645402369,137.2547433,160.9480012,47908,-0.875086514,0.381704261,2018,Cosley,plastron Cosley ,plastron Cosley ,2.485294862,tub7,tub7
P31,2018-12-13,Thursday,C7,plastron,NA,Cosley,tub7,18-146,captive,N,juvenile,NA,15.1,43.13,37.48,38.5,24.73,18.75,34,2.42,3.55,2.7,2.89,0.95,1.58,0.071176471,0.104411765,0.079411765,0.085,0.027941176,0.046470588,0.07734067,0.070444953,0.049393926,0.061641318,0.030914616,0.023665298,2,3.297127659,0.892950951,178,0.636292046,143.6919505,168.3957665,50086,-0.875086514,0.392207792,2018,Cosley,plastron Cosley ,plastron Cosley ,2.751323131,tub7,tub7
P32,2018-12-13,Thursday,C7,plastron,NA,Cosley,tub7,18-154,captive,N,juvenile,NA,14.32,42.59,37.38,37.21,23.85,18.23,34,1.84,3.12,2.85,2.66,1.34,1.29,0.054117647,0.091764706,0.083823529,0.078235294,0.039411765,0.037941176,0.069453746,0.062530315,0.046685487,0.061019049,0.030482356,0.01664707,2,2.927802693,0.849664831,132,0.599615291,113.2281017,128.066484,28858,-0.875086514,0.384842784,2018,Cosley,plastron Cosley ,plastron Cosley ,0.158463579,tub7,tub7
P33,2018-12-13,Thursday,C7,plastron,NA,Cosley,tub7,18-157,captive,N,juvenile,NA,13.33,41.3,35.91,36.07,24.13,17.97,34,0.83,1.6,1.28,0.97,0.63,0.41,0.024411765,0.047058824,0.037647059,0.028529412,0.018529412,0.012058824,0.155005468,0.102895397,0.071457444,0.098920745,0.050368809,0.040961645,2,3.665873286,0.944158407,134,0.748467373,123.843676,133.0688549,20351,-0.875086514,0.36955919,2018,Cosley,plastron Cosley ,plastron Cosley ,-0.880610107,tub7,tub7
P34,2018-12-13,Thursday,C7,plastron,NA,Cosley,tub7,18-160,captive,N,juvenile,NA,15.59,42.82,37.43,37.96,24.74,19.17,34,3.04,2.95,2.21,2.42,1.2,1.17,0.089411765,0.086764706,0.065,0.071176471,0.035294118,0.034411765,0.097304867,0.0745114,0.053445022,0.073617962,0.041813718,0.03111429,2,3.769122164,0.939251397,162,0.740845365,146.9835012,159.2388471,31764,-0.875086514,0.410695469,2018,Cosley,plastron Cosley ,plastron Cosley ,0.513412225,tub7,tub7
P35,2018-12-13,Thursday,C7,plastron,NA,Cosley,tub11,18-121,captive,N,juvenile,NA,19.61,48.46,40.47,41.01,25.23,20.55,34,3.95,4.27,2.97,3.42,1.55,1.87,0.116176471,0.125588235,0.087352941,0.100588235,0.045588235,0.055,0.195003648,0.114206027,0.080790753,0.118048008,0.066791729,0.043259129,2,2.790603364,0.852485219,118,0.584948196,100.103866,114.0175748,32944,-0.875086514,0.478176055,2018,Cosley,plastron Cosley ,plastron Cosley ,0.657541407,tub11,tub11
P36,2018-12-13,Thursday,C7,plastron,NA,Cosley,tub11,18-124,captive,N,juvenile,NA,21.09,50.89,41.67,44.6,26.71,20.83,34,4.99,5.6,3.2,4.71,2.06,2.04,0.146764706,0.164705882,0.094117647,0.138529412,0.060588235,0.06,0.154803319,0.106896403,0.076218598,0.104102805,0.053647265,0.036755623,2,3.095123728,0.870170801,169,0.603349871,129.493655,155.4700186,53328,-0.875086514,0.472869955,2018,Cosley,plastron Cosley ,plastron Cosley ,3.147311951,tub11,tub11
P37,2018-12-13,Thursday,C7,plastron,NA,Cosley,tub11,18-131,captive,N,juvenile,PW56,24.09,50.56,42.14,45.98,27.91,22.47,34,5.83,5.79,3.38,4.97,2.16,2.57,0.171470588,0.170294118,0.099411765,0.146176471,0.063529412,0.075588235,0.099457553,0.07702598,0.051551816,0.073209485,0.038250205,0.029091916,2,2.724506008,0.838820004,125,0.564276921,102.3414692,119.0066975,32372,-0.875086514,0.523923445,2018,Cosley,plastron Cosley ,plastron Cosley ,0.587675397,tub11,tub11
P38,2018-12-13,Thursday,C7,plastron,NA,Cosley,tub11,18-133,captive,N,juvenile,PW56,19.41,47.8,40.4,43.23,25.83,20.33,34,3.41,4.1,2.15,3.5,1.09,1.86,0.100294118,0.120588235,0.063235294,0.102941176,0.032058824,0.054705882,0.08952677,0.084312337,0.065790305,0.080991776,0.038771187,0.032458415,2,3.399084643,0.919497454,145,0.682995076,127.8569042,142.6228287,21466,-0.875086514,0.448993754,2018,Cosley,plastron Cosley ,plastron Cosley ,-0.744420244,tub11,tub11
P39,2018-12-13,Thursday,C7,plastron,NA,Cosley,tub11,18-138,captive,N,juvenile,NA,19.35,48.12,40.26,41.63,27.01,20.2,34,3.67,3.81,2.96,2.95,1.61,0.93,0.107941176,0.112058824,0.087058824,0.086764706,0.047352941,0.027352941,0.157590454,0.115017594,0.086710211,0.106747055,0.066270857,0.027346367,2,3.162223506,0.896844159,109,0.674054363,100.9064042,108.5527538,20708,-0.875086514,0.464809032,2018,Cosley,plastron Cosley ,plastron Cosley ,-0.837004922,tub11,tub11
P4,2018-09-20,Thursday,NA,plastron,NA,PW,PW,1L2L12L,wild,N,adult,NA,NA,NA,NA,NA,NA,NA,NA,NA,NA,NA,NA,NA,NA,NA,NA,NA,NA,NA,NA,NA,NA,NA,NA,NA,NA,NA,3.886314282,0.948340633,155,0.770570434,145.4423547,154.1005263,18225,-1.362376232,NA,2018,Wild,plastron PW ,plastron Wild ,-1.140286921,PW,2018
P40,2018-12-13,Thursday,C7,plastron,NA,Cosley,tub11,18-150,captive,N,juvenile,PW11,16.56,45.65,38.38,39.78,24.84,19.22,34,1.91,3.53,2.64,2.85,1.49,1.19,0.056176471,0.103823529,0.077647059,0.083823529,0.043823529,0.035,0.080667819,0.06805265,0.04874058,0.068509229,0.031971298,0.025577578,2,3.959547436,0.958847718,205,0.743854971,168.2430773,197.0810802,37258,-0.875086514,0.416289593,2018,Cosley,plastron Cosley ,plastron Cosley ,1.184467924,tub11,tub11
P41,2018-12-13,Thursday,C7,plastron,NA,Cosley,tub11,18-159,captive,N,juvenile,PW11,16.94,45.26,38.83,39.4,24.71,19.33,34,2.25,2.6,2.37,2.04,0.96,1.38,0.066176471,0.076470588,0.069705882,0.06,0.028235294,0.040588235,0.070974081,0.057392223,0.042693336,0.054157594,0.026917378,0.022157066,2,3.573794324,0.925218321,189,0.681794507,157.027235,180.0715164,35768,-0.875086514,0.429949239,2018,Cosley,plastron Cosley ,plastron Cosley ,1.002474296,tub11,tub11
P42,2018-12-13,Thursday,C7,plastron,NA,Cosley,tub6,18-134,captive,N,juvenile,TC205H,13.88,41.76,36.67,37.55,24.34,17.8,34,1.87,3.23,2.8,2.81,0.79,0.67,0.055,0.095,0.082352941,0.082647059,0.023235294,0.019705882,0.07982748,0.071450876,0.04655852,0.066971721,0.033419312,0.029261928,2,3.033367107,0.878793977,131,0.622203966,111.4712921,126.6677273,29466,-0.875086514,0.369640479,2018,Cosley,plastron Cosley ,plastron Cosley ,0.232726751,tub6,tub6
P43,2018-12-13,Thursday,C7,plastron,NA,Cosley,tub6,18-135,captive,N,juvenile,TC205H,13.98,41.97,37.06,38.75,24.22,18.16,34,1.59,3.08,2.44,2.73,0.92,1.36,0.046764706,0.090588235,0.071764706,0.080294118,0.027058824,0.04,0.128065493,0.092393778,0.072873217,0.093295681,0.049597459,0.035769655,2,3.188310501,0.887950658,150,0.636308634,125.3616945,144.0105142,36505,-0.875086514,0.360774194,2018,Cosley,plastron Cosley ,plastron Cosley ,1.092493963,tub6,tub6
P44,2018-12-13,Thursday,C7,plastron,NA,Cosley,tub6,18-136,captive,N,juvenile,TC205H,12.92,40.38,35.48,36.99,24.26,17.34,34,1.18,2.46,1.13,1.77,0.71,0.56,0.034705882,0.072352941,0.033235294,0.052058824,0.020882353,0.016470588,0.07753647,0.06928219,0.050437524,0.069445349,0.03482678,0.030381495,2,3.377329952,0.91452877,155,0.669650064,131.2757783,148.9088815,39403,-0.875086514,0.34928359,2018,Cosley,plastron Cosley ,plastron Cosley ,1.446465462,tub6,tub6
P45,2018-12-13,Thursday,C7,plastron,NA,Cosley,tub8,18-162,captive,N,juvenile,PW15,14.41,42.99,37.16,38.15,23.87,18.05,34,1.29,2.61,2.41,1.87,0.68,0.33,0.037941176,0.076764706,0.070882353,0.055,0.02,0.009705882,0.091779416,0.076592403,0.057803118,0.076176952,0.035498196,0.032760526,2,3.36850742,0.921039977,138,0.683648059,116.3082726,133.336286,28209,-0.875086514,0.377719528,2018,Cosley,plastron Cosley ,plastron Cosley ,0.079192529,tub8,tub8
P46,2018-12-13,Thursday,C7,plastron,NA,Cosley,tub9,18-148,captive,N,juvenile,PW11,15.56,43.93,38.29,38.07,24.92,18.47,34,1.99,3.29,1.85,2.24,1.02,0.59,0.058529412,0.096764706,0.054411765,0.065882353,0.03,0.017352941,0.054650506,0.051608584,0.039524903,0.049666584,0.023498673,0.016385396,2,3.32397808,0.909174461,161,0.654145555,134.1832009,154.2968721,37894,-0.875086514,0.408720778,2018,Cosley,plastron Cosley ,plastron Cosley ,1.26215111,tub9,tub9
P47,2018-12-13,Thursday,C7,plastron,NA,Cosley,tub10,18-149,captive,N,juvenile,PW11,16.78,45.9,39.65,40.57,24.85,19.54,34,2.7,3.83,3.15,3.2,1.6,1.79,0.079411765,0.112647059,0.092647059,0.094117647,0.047058824,0.052647059,0.106265948,0.070244633,0.047158133,0.066868241,0.032596575,0.028613896,2,3.251505562,0.899124651,130,0.667998469,111.154123,126.5526382,23317,-0.875086514,0.413606113,2018,Cosley,plastron Cosley ,plastron Cosley ,-0.518332858,tub10,tub10
P5,2018-10-11,Thursday,NA,plastron,NA,PW,PW,PW70,wild,N,adult,NA,NA,NA,NA,NA,NA,NA,NA,NA,NA,NA,NA,NA,NA,NA,NA,NA,NA,NA,NA,NA,NA,NA,NA,NA,NA,NA,3.903441006,0.9304191,212,0.728718032,196.836911,210.5725763,23293,-1.240553803,NA,2018,Wild,plastron PW ,plastron Wild ,-0.521264299,PW,2018
P50,2019-02-07,Thursday,C7,plastron,NA,Cosley,tub7,18-127,captive,N,juvenile,PW15,21.28,50.3,41.22,43.45,26.73,20.72,41,4.67,5.33,2.96,4.64,2.26,2.19,0.113902439,0.13,0.072195122,0.113170732,0.055121951,0.053414634,0.104845008,0.082145011,0.060822953,0.079934896,0.041429175,0.031029788,14,3.37112208,0.901446317,152,0.671019557,135.6573853,150.7138296,16925,-0.550226702,0.489758343,2019,Cosley,plastron Cosley ,plastron Cosley ,-1.299073308,tub7,tub7
P51,2019-02-07,Thursday,C7,plastron,NA,Cosley,tub7,18-130,captive,N,juvenile,PW56,19.88,49.18,41.22,43.76,26.29,20.54,41,3.69,3.67,2.87,3.7,1.79,1.53,0.09,0.089512195,0.07,0.090243902,0.043658537,0.037317073,0.120290986,0.085983767,0.06333519,0.088381927,0.049451796,0.037344286,14,3.910227884,0.960177728,177,0.755431756,147.734265,170.3714523,31241,-0.550226702,0.454296161,2019,Cosley,plastron Cosley ,plastron Cosley ,0.44953124,tub7,tub7
P52,2019-02-07,Thursday,C7,plastron,NA,Cosley,tub7,18-137,captive,N,juvenile,NA,18.54,48.52,40.58,42.09,26.07,19.8,41,2.35,3.43,2.43,2.88,1.52,0.58,0.057317073,0.083658537,0.059268293,0.070243902,0.037073171,0.014146341,0.050374509,0.047534304,0.037032164,0.046370942,0.025547543,0.016907456,14,3.630539172,0.931829557,131,0.744695841,126.8134402,131,10801,-0.550226702,0.440484676,2019,Cosley,plastron Cosley ,plastron Cosley ,-2.047079332,tub7,tub7
P53,2019-02-07,Thursday,C7,plastron,NA,Cosley,tub7,18-146,captive,N,juvenile,NA,18.64,47.67,40.7,42.51,26.81,19.69,41,2.32,3.01,1.87,2.47,1.48,0.8,0.056585366,0.073414634,0.045609756,0.060243902,0.036097561,0.019512195,0.07734067,0.070444953,0.049393926,0.061641318,0.030914616,0.023665298,14,3.400358101,0.900464461,192,0.646763879,166.4626933,187.2965103,27194,-0.550226702,0.438485062,2019,Cosley,plastron Cosley ,plastron Cosley ,-0.044782996,tub7,tub7
P54,2019-02-07,Thursday,C7,plastron,NA,Cosley,tub7,18-148,captive,N,juvenile,PW11,18.39,47.69,40.62,40.98,26.34,19.7,41,1.49,2.76,1.5,1.89,1.07,0.72,0.036341463,0.067317073,0.036585366,0.046097561,0.026097561,0.017560976,0.054650506,0.051608584,0.039524903,0.049666584,0.023498673,0.016385396,14,3.999597533,0.964140384,180,0.770196566,152.3392639,174.1879521,30558,-0.550226702,0.44875549,2019,Cosley,plastron Cosley ,plastron Cosley ,0.366107316,tub7,tub7
P55,2019-02-07,Thursday,C7,plastron,NA,Cosley,tub7,18-154,captive,N,juvenile,NA,22.11,50.56,42.51,44.96,27.54,21.24,41,5.36,5.3,3.72,5.3,2.6,1.55,0.130731707,0.129268293,0.090731707,0.129268293,0.063414634,0.037804878,0.069453746,0.062530315,0.046685487,0.061019049,0.030482356,0.01664707,14,3.063274233,0.87336125,154,0.608160226,129.7689189,149.8401075,28381,-0.550226702,0.491770463,2019,Cosley,plastron Cosley ,plastron Cosley ,0.10020119,tub7,tub7
P56,2019-02-07,Thursday,C7,plastron,NA,Cosley,tub7,18-174,captive,N,juvenile,NA,21.12,49.73,41.45,44.11,27.63,20.77,41,4.3,4.99,2.87,3.89,2.06,1.58,0.104878049,0.121707317,0.07,0.094878049,0.050243902,0.038536585,0.080444353,0.07464969,0.055689373,0.071281175,0.035154003,0.027391534,14,3.765050643,0.951972337,135,0.767551424,122.1446508,133.8576129,17432,-0.550226702,0.478802993,2019,Cosley,plastron Cosley ,plastron Cosley ,-1.237146617,tub7,tub7
P57,2019-02-07,Thursday,C7,plastron,NA,Cosley,tub11,18-121,captive,N,juvenile,NA,35.08,59.22,48.07,52.2,31.54,25.32,41,11.25,7.52,5.5,8.23,4.98,3.46,0.274390244,0.183414634,0.134146341,0.200731707,0.121463415,0.084390244,0.195003648,0.114206027,0.080790753,0.118048008,0.066791729,0.043259129,14,3.275363715,0.904301041,139,0.663771612,122.2422448,135.2701964,27172,-0.550226702,0.672030651,2019,Cosley,plastron Cosley ,plastron Cosley ,-0.04747015,tub11,tub11
P58,2019-02-07,Thursday,C7,plastron,NA,Cosley,tub11,18-124,captive,N,juvenile,NA,34.19,60.37,48.25,54.2,31.37,23.96,41,8.22,5.94,4.18,6.05,2.95,1.55,0.200487805,0.144878049,0.10195122,0.147560976,0.07195122,0.037804878,0.154803319,0.106896403,0.076218598,0.104102805,0.053647265,0.036755623,14,3.027585713,0.888713601,120,0.632394973,104.744802,117.4007209,23592,-0.550226702,0.630811808,2019,Cosley,plastron Cosley ,plastron Cosley ,-0.48474343,tub11,tub11
P59,2019-02-07,Thursday,C7,plastron,NA,Cosley,tub11,18-131,captive,N,juvenile,PW56,34.49,58.38,47.09,53.54,32.05,25.09,41,6.48,4.8,2.93,4.36,2.46,1.69,0.15804878,0.117073171,0.071463415,0.106341463,0.06,0.041219512,0.099457553,0.07702598,0.051551816,0.073209485,0.038250205,0.029091916,14,3.523385619,0.931773476,144,0.70895734,132.0763549,143.5694678,14636,-0.550226702,0.644191259,2019,Cosley,plastron Cosley ,plastron Cosley ,-1.578659492,tub11,tub11
P6,2018-10-11,Thursday,NA,plastron,NA,PW,PW,PW11,wild,N,adult,NA,NA,NA,NA,NA,NA,NA,NA,NA,NA,NA,NA,NA,NA,NA,NA,NA,NA,NA,NA,NA,NA,NA,NA,NA,NA,NA,4.271033887,0.963894535,214,0.795947256,205.0623382,213.6600825,20243,-1.240553803,NA,2018,Wild,plastron PW ,plastron Wild ,-0.893801591,PW,2018
P60,2019-02-07,Thursday,C7,plastron,NA,Cosley,tub11,18-138,captive,N,juvenile,NA,31.16,56.82,46.64,50.12,31.45,23.97,41,8.95,6.59,4.95,6.08,3.3,2.79,0.218292683,0.160731707,0.120731707,0.148292683,0.080487805,0.06804878,0.157590454,0.115017594,0.086710211,0.106747055,0.066270857,0.027346367,14,3.009071938,0.87268833,112,0.637718058,101.7117665,110.8636037,19091,-0.550226702,0.621707901,2019,Cosley,plastron Cosley ,plastron Cosley ,-1.034510759,tub11,tub11
P7,2018-10-11,Thursday,NA,plastron,NA,PW,PW,PW17,wild,N,adult,NA,NA,NA,NA,NA,NA,NA,NA,NA,NA,NA,NA,NA,NA,NA,NA,NA,NA,NA,NA,NA,NA,NA,NA,NA,NA,NA,4.75326366,0.980186115,236,0.869950582,230.4216471,235.9500858,13167,-1.240553803,NA,2018,Wild,plastron PW ,plastron Wild ,-1.758088109,PW,2018
P74,2019-04-04,Thursday,C7,plastron,NA,Cosley,tub7,18-130,captive,N,juvenile,PW56,24.23,52.04,42.64,46.39,27.66,22.38,33,4.35,2.86,1.42,2.63,1.37,1.84,0.131818182,0.086666667,0.043030303,0.07969697,0.041515152,0.055757576,0.120290986,0.085983767,0.06333519,0.088381927,0.049451796,0.037344286,-9,3.761554754,0.95245374,152,0.748734915,135.6869675,149.1691086,23761,-0.225366891,0.522310843,2019,Cosley,plastron Cosley ,plastron Cosley ,-0.4641012,tub7,tub7
P75,2019-04-04,Thursday,C7,plastron,NA,Cosley,tub7,18-135,captive,N,juvenile,TC205H,26.56,53.81,45.46,50.17,29.29,22.43,33,6.36,4.61,2.93,4.19,1.75,2.45,0.192727273,0.13969697,0.088787879,0.126969697,0.053030303,0.074242424,0.128065493,0.092393778,0.072873217,0.093295681,0.049597459,0.035769655,-9,3.429007599,0.916800596,181,0.659615188,153.0065707,175.7384268,30364,-0.225366891,0.52940004,2019,Cosley,plastron Cosley ,plastron Cosley ,0.342411501,tub7,tub7
P76,2019-04-04,Thursday,C7,plastron,NA,Cosley,tub7,18-140,captive,N,juvenile,NA,26.3,53.52,45.2,48.82,29.08,22.63,33,5.75,3.89,2.84,4.19,1.56,2.3,0.174242424,0.117878788,0.086060606,0.126969697,0.047272727,0.06969697,0.085918685,0.072482893,0.059336836,0.076583903,0.040905286,0.027293034,-9,3.469115209,0.91465629,171,0.67470677,143.4504989,164.4685791,34809,-0.225366891,0.538713642,2019,Cosley,plastron Cosley ,plastron Cosley ,0.8853388,tub7,tub7
P77,2019-04-04,Thursday,C7,plastron,NA,Cosley,tub7,18-150,captive,N,juvenile,PW11,23.35,52.39,43.1,45.91,27.57,21.29,33,2.94,2.46,1.56,2.13,1.34,1.52,0.089090909,0.074545455,0.047272727,0.064545455,0.040606061,0.046060606,0.080667819,0.06805265,0.04874058,0.068509229,0.031971298,0.025577578,-9,3.426103199,0.898183426,164,0.671802536,148.0300244,161.5908448,28070,-0.225366891,0.50860379,2019,Cosley,plastron Cosley ,plastron Cosley ,0.0622146,tub7,tub7
P78,2019-04-04,Thursday,C7,plastron,NA,Cosley,tub7,18-159,captive,N,juvenile,PW11,21.58,50.24,42.84,43.81,26.78,20.7,33,1.85,1.54,1.24,0.96,0.31,1.13,0.056060606,0.046666667,0.037575758,0.029090909,0.009393939,0.034242424,0.070974081,0.057392223,0.042693336,0.054157594,0.026917378,0.022157066,-9,3.403600229,0.906401329,139,0.689759491,128.5078755,137.6671536,23469,-0.225366891,0.492581602,2019,Cosley,plastron Cosley ,plastron Cosley ,-0.499767065,tub7,tub7
P79,2019-04-04,Thursday,C7,plastron,NA,Cosley,tub7,18-161,captive,N,juvenile,NA,25.23,52.98,43.86,46.72,28.15,22.7,33,5.39,3.75,2.27,3.64,1.29,2.51,0.163333333,0.113636364,0.068787879,0.11030303,0.039090909,0.076060606,0.08606754,0.067589905,0.050945746,0.066267124,0.032205461,0.026222801,-9,2.909559487,0.859893098,142,0.587098672,120.1884772,138.7477599,27509,-0.225366891,0.540025685,2019,Cosley,plastron Cosley ,plastron Cosley ,-0.006307833,tub7,tub7
P8,2018-11-01,Thursday,C7,plastron,NA,Cosley,tub7,18-127,captive,N,juvenile,PW15,12.64,39.46,34.25,34.92,22.85,16.95,24,0.84,0.74,1.18,0.82,0.99,-0.06,0.035,0.030833333,0.049166667,0.034166667,0.04125,-0.0025,0.104845008,0.082145011,0.060822953,0.079934896,0.041429175,0.031029788,10,3.302231912,0.909486874,153,0.656450187,130.9390787,148.9275468,34424,-1.118731373,0.361970218,2018,Cosley,plastron Cosley ,plastron Cosley ,0.838313601,tub7,tub7
P80,2019-04-04,Thursday,C7,plastron,NA,Cosley,tub7,18-170,captive,N,juvenile,NA,23.69,52.13,42.2,45.9,26.49,21.64,33,3.04,2.21,1.1,2.08,0.74,0.9,0.092121212,0.066969697,0.033333333,0.063030303,0.022424242,0.027272727,0.107793629,0.095657006,0.066165634,0.090548307,0.047651889,0.037455795,-9,3.418470886,0.920138003,135,0.69689692,124.0053342,133.8849038,21638,-0.225366891,0.516122004,2019,Cosley,plastron Cosley ,plastron Cosley ,-0.723411584,tub7,tub7
P81,2019-04-04,Thursday,C7,plastron,NA,Cosley,tub11,18-121,captive,N,juvenile,NA,43.71,63.94,51.79,57.9,34.82,26.69,33,8.63,4.72,3.72,5.7,3.28,1.37,0.261515152,0.143030303,0.112727273,0.172727273,0.099393939,0.041515152,0.195003648,0.114206027,0.080790753,0.118048008,0.066791729,0.043259129,-9,4.000352287,0.967506971,137,0.813082885,130.5714845,136.8883156,13414,-0.225366891,0.75492228,2019,Cosley,plastron Cosley ,plastron Cosley ,-1.727918695,tub11,tub11
P82,2019-04-04,Thursday,C7,plastron,NA,Cosley,tub11,18-124,captive,N,juvenile,NA,42.23,64.82,51.49,59.01,34.51,25.93,33,8.04,4.45,3.24,4.81,3.14,1.97,0.243636364,0.134848485,0.098181818,0.145757576,0.095151515,0.05969697,0.154803319,0.106896403,0.076218598,0.104102805,0.053647265,0.036755623,-9,3.701482263,0.953037253,136,0.753458639,121.7766856,134.0825703,22222,-0.225366891,0.715641417,2019,Cosley,plastron Cosley ,plastron Cosley ,-0.652079853,tub11,tub11
P83,2019-04-04,Thursday,C7,plastron,NA,Cosley,tub11,18-131,captive,N,juvenile,PW56,38.94,61.05,49.27,56.58,33.32,26.35,33,4.45,2.67,2.18,3.04,1.27,1.26,0.134848485,0.080909091,0.066060606,0.092121212,0.038484848,0.038181818,0.099457553,0.07702598,0.051551816,0.073209485,0.038250205,0.029091916,-9,3.421490111,0.932598096,152,0.681045279,127.9695969,145.7837518,33842,-0.225366891,0.688229056,2019,Cosley,plastron Cosley ,plastron Cosley ,0.767226157,tub11,tub11
P84,2019-04-04,Thursday,C7,plastron,NA,Cosley,tub11,18-138,captive,N,juvenile,NA,38.81,61.09,49.71,54.85,34.83,25.79,33,7.65,4.27,3.07,4.73,3.38,1.82,0.231818182,0.129393939,0.093030303,0.143333333,0.102424242,0.055151515,0.157590454,0.115017594,0.086710211,0.106747055,0.066270857,0.027346367,-9,3.562800994,0.942269883,132,0.729663224,115.0147782,128.8267711,22470,-0.225366891,0.707566089,2019,Cosley,plastron Cosley ,plastron Cosley ,-0.621788296,tub11,tub11
P85,2019-04-04,Thursday,C7,plastron,NA,Cosley,tub11,18-141,captive,N,juvenile,NA,42.14,62.98,51.2,58.71,34.74,26.59,33,9.11,5.05,3.04,4.95,2.81,2.04,0.276060606,0.153030303,0.092121212,0.15,0.085151515,0.061818182,0.201630737,0.130404686,0.091482712,0.126979722,0.066425522,0.052580458,-9,3.716618586,0.954409399,140,0.752101886,122.7118706,136.6805227,23222,-0.225366891,0.717765287,2019,Cosley,plastron Cosley ,plastron Cosley ,-0.529936479,tub11,tub11
P86,2019-04-04,Thursday,C7,plastron,NA,Cosley,tub5,18-136,captive,N,juvenile,NA,19.75,47.6,40.52,44.08,27.68,20.25,33,2.34,2.13,1.29,1.75,1.11,1.5,0.070909091,0.064545455,0.039090909,0.053030303,0.033636364,0.045454545,0.07753647,0.06928219,0.050437524,0.069445349,0.03482678,0.030381495,-9,3.498008044,0.941172662,133,0.715287999,118.1755111,130.3234455,25941,-0.225366891,0.448049002,2019,Cosley,plastron Cosley ,plastron Cosley ,-0.197828644,tub5,tub5
P87,2019-04-04,Thursday,C7,plastron,NA,Cosley,tub5,18-148,captive,N,juvenile,PW11,20.97,49.04,41.96,42.71,26.83,20.78,33,2.58,1.35,1.34,1.73,0.49,1.08,0.078181818,0.040909091,0.040606061,0.052424242,0.014848485,0.032727273,0.054650506,0.051608584,0.039524903,0.049666584,0.023498673,0.016385396,-9,3.443103172,0.925669993,138,0.698787477,124.4756896,136.769606,26676,-0.225366891,0.490985718,2019,Cosley,plastron Cosley ,plastron Cosley ,-0.108053264,tub5,tub5
P88,2019-04-04,Thursday,C7,plastron,NA,Cosley,tub8,18-127,captive,N,juvenile,PW15,26.83,54.24,44.93,48.49,28.9,22.66,33,5.55,3.94,3.71,5.04,2.17,1.94,0.168181818,0.119393939,0.112424242,0.152727273,0.065757576,0.058787879,0.104845008,0.082145011,0.060822953,0.079934896,0.041429175,0.031029788,-9,3.609994916,0.95244532,145,0.725374332,123.7099968,140.1142083,33494,-0.225366891,0.553309961,2019,Cosley,plastron Cosley ,plastron Cosley ,0.724720263,tub8,tub8
P89,2019-04-04,Thursday,C7,plastron,NA,Cosley,tub8,18-134,captive,N,juvenile,TC205H,25.63,52.6,44.33,47.86,29.21,21.77,33,4.06,2.77,2.52,2.74,0.93,1.06,0.123030303,0.083939394,0.076363636,0.083030303,0.028181818,0.032121212,0.07982748,0.071450876,0.04655852,0.066971721,0.033419312,0.029261928,-9,3.404844515,0.925574346,132,0.697313667,119.722171,130.2744781,25836,-0.225366891,0.535520267,2019,Cosley,plastron Cosley ,plastron Cosley ,-0.210653698,tub8,tub8
P9,2018-11-01,Thursday,C7,plastron,NA,Cosley,tub7,18-130,captive,N,juvenile,PW56,12.79,40.32,34.84,35.91,22.99,17.8,24,0.47,1.15,1.12,1.6,0.7,-0.75,0.019583333,0.047916667,0.046666667,0.066666667,0.029166667,-0.03125,0.120290986,0.085983767,0.06333519,0.088381927,0.049451796,0.037344286,10,3.517209228,0.9278208,163,0.690495036,135.8465641,157.1066102,30804,-1.118731373,0.356168198,2018,Cosley,plastron Cosley ,plastron Cosley ,0.396154586,tub7,tub7
P90,2019-04-04,Thursday,C7,plastron,NA,Cosley,tub9,18-149,captive,N,juvenile,PW11,25.35,52.88,44.82,47.28,27.68,21.67,33,3.43,2.1,1.69,1.91,0.19,0.95,0.103939394,0.063636364,0.051212121,0.057878788,0.005757576,0.028787879,0.106265948,0.070244633,0.047158133,0.066868241,0.032596575,0.028613896,-9,3.249407419,0.908200708,124,0.674111538,110.4171247,121.7969163,23833,-0.225366891,0.536167513,2019,Cosley,plastron Cosley ,plastron Cosley ,-0.455306877,tub9,tub9
P91,2019-04-04,Thursday,C7,plastron,NA,Cosley,tub10,18-162,captive,N,juvenile,PW15,28.31,54.71,44.96,49.55,29.12,22.92,33,4.26,2.44,1.92,2.86,1.43,1.25,0.129090909,0.073939394,0.058181818,0.086666667,0.043333333,0.037878788,0.091779416,0.076592403,0.057803118,0.076176952,0.035498196,0.032760526,-9,2.669234107,0.820694067,101,0.578367151,92.80162391,100.4530826,16486,-0.225366891,0.571342079,2019,Cosley,plastron Cosley ,plastron Cosley ,-1.352694249,tub10,tub10
P92,2019-05-30,Thursday,C7,plastron,NA,Cosley,tub7,18-129,captive,N,juvenile,NA,32.5,57.31,47.85,53.95,32.26,23.98,24,2.59,1.21,1.5,1.4,0.5,0.06,0.107916667,0.050416667,0.0625,0.058333333,0.020833333,0.0025,0.075314337,0.062528595,0.041756935,0.061224294,0.032835607,0.023927415,7,3.419043665,0.927504978,148,0.6841902,122.3482433,142.2931719,27766,0.099492921,0.602409639,2019,Cosley,plastron Cosley ,plastron Cosley ,0.025083014,tub7,tub7
P93,2019-05-30,Thursday,C7,plastron,NA,Cosley,tub7,18-147,captive,N,juvenile,NA,34.83,59.84,49.12,56.46,33.41,24.64,24,2.88,1.88,1.64,2.37,0.95,0.08,0.12,0.078333333,0.068333333,0.09875,0.039583333,0.003333333,0.105125623,0.088618998,0.062793494,0.087674286,0.053246375,0.035924818,7,3.36821434,0.916412048,143,0.678686236,123.293084,139.4280761,24388,0.099492921,0.616896918,2019,Cosley,plastron Cosley ,plastron Cosley ,-0.387517304,tub7,tub7
P94,2019-05-30,Thursday,C7,plastron,NA,Cosley,tub7,18-150,captive,N,juvenile,PW11,32.9,59.11,47.11,53.75,31.15,24.12,24,2.35,1.75,0.56,1.86,1.11,0.51,0.097916667,0.072916667,0.023333333,0.0775,0.04625,0.02125,0.080667819,0.06805265,0.04874058,0.068509229,0.031971298,0.025577578,7,3.227703853,0.887799021,162,0.634426091,135.9800952,156.9485969,35218,0.099492921,0.612093023,2019,Cosley,plastron Cosley ,plastron Cosley ,0.93529544,tub7,tub7
P95,2019-05-30,Thursday,C7,plastron,NA,Cosley,tub7,18-151,captive,N,juvenile,NA,34.6,58.37,47.39,55.13,31.83,25.5,24,2.87,1.43,1.35,1.92,1.17,0.69,0.119583333,0.059583333,0.05625,0.08,0.04875,0.02875,0.087553862,0.075799864,0.047596261,0.074160691,0.033399124,0.026436578,7,2.968468171,0.864146134,145,0.596469155,120.7071255,140.2920341,32750,0.099492921,0.627607473,2019,Cosley,plastron Cosley ,plastron Cosley ,0.633845592,tub7,tub7
P96,2019-05-30,Thursday,C7,plastron,NA,Cosley,tub7,18-166,captive,N,juvenile,NA,36.4,62.17,47.73,56.64,32.61,25.89,24,3.9,2.34,1.48,2.04,1.73,0.44,0.1625,0.0975,0.061666667,0.085,0.072083333,0.018333333,0.116936967,0.10264661,0.071546974,0.09783558,0.057791055,0.044545363,7,2.811900748,0.816774405,130,0.577684817,110.8167478,126.3357033,29246,0.099492921,0.642655367,2019,Cosley,plastron Cosley ,plastron Cosley ,0.205855209,tub7,tub7
P97,2019-05-30,Thursday,C7,plastron,NA,Cosley,tub7,18-168,captive,N,juvenile,NA,32.95,57.93,46.66,52.91,30.63,24.84,24,2.34,2,0.88,2.11,0.61,0.95,0.0975,0.083333333,0.036666667,0.087916667,0.025416667,0.039583333,0.090974189,0.07805577,0.053774432,0.070652277,0.035124406,0.033942617,7,3.333634751,0.902556572,158,0.658483392,133.7543486,152.2031358,30580,0.099492921,0.622755623,2019,Cosley,plastron Cosley ,plastron Cosley ,0.36879447,tub7,tub7
P98,2019-05-30,Thursday,C7,plastron,NA,Cosley,tub7,18-170,captive,N,juvenile,NA,34.54,59.98,47.05,53.57,31.32,24.79,24,3.15,2.05,1.62,1.97,1.68,0.13,0.13125,0.085416667,0.0675,0.082083333,0.07,0.005416667,0.107793629,0.095657006,0.066165634,0.090548307,0.047651889,0.037455795,7,3.196487687,0.893423459,137,0.649695138,117.3201437,133.5768776,25932,0.099492921,0.64476386,2019,Cosley,plastron Cosley ,plastron Cosley ,-0.198927934,tub7,tub7
P99,2019-05-30,Thursday,C7,plastron,NA,Cosley,tub11,18-121,captive,N,juvenile,NA,65.39,73.54,57.56,67.68,40.59,30.74,24,7.16,2.98,1.57,2.43,1.64,1.1,0.298333333,0.124166667,0.065416667,0.10125,0.068333333,0.045833333,0.195003648,0.114206027,0.080790753,0.118048008,0.066791729,0.043259129,7,3.326304981,0.923377338,132,0.681228736,114.4834646,128.8599598,32896,0.099492921,0.966164303,2019,Cosley,plastron Cosley ,plastron Cosley ,0.651678525,tub11,tub11
W01,2018-09-20,Thursday,NA,water,marsh,PW,PW,PW water (with date),wild,N,NA,NA,NA,NA,NA,NA,NA,NA,NA,NA,NA,NA,NA,NA,NA,NA,NA,NA,NA,NA,NA,NA,NA,NA,NA,NA,NA,NA,4.013508285,0.9711748,119,0.839800079,116.3401787,118.9954832,11511,-1.362376232,NA,2018,Wild,water PW marsh,water Wild marsh,-1.960357537,PW,2018
W02,2018-10-11,Thursday,NA,water,marsh,PW,PW,PW water (with date),wild,N,NA,NA,NA,NA,NA,NA,NA,NA,NA,NA,NA,NA,NA,NA,NA,NA,NA,NA,NA,NA,NA,NA,NA,NA,NA,NA,NA,NA,3.615729708,0.955126751,108,0.772240147,102.4825743,107.817507,19040,-1.240553803,NA,2018,Wild,water PW marsh,water Wild marsh,-1.040740071,PW,2018
W07,2018-11-09,Friday,C1,water,tub,Cosley,tub7,Cosley Tub 7 (with date),captive,N,NA,NA,NA,NA,NA,NA,NA,NA,NA,NA,NA,NA,NA,NA,NA,NA,NA,NA,NA,NA,NA,NA,NA,NA,NA,NA,NA,NA,4.839537846,0.983846897,321,0.838531962,295.6483864,319.6457694,15387,-1.072322829,NA,2018,Cosley,water Cosley tub,water Cosley tub,-1.486929817,tub7,tub7
W08,2018-11-09,Friday,C1,water,tub,Cosley,tub11,Cosley Tub 11 (with date),captive,N,NA,NA,NA,NA,NA,NA,NA,NA,NA,NA,NA,NA,NA,NA,NA,NA,NA,NA,NA,NA,NA,NA,NA,NA,NA,NA,NA,NA,4.778477429,0.973327207,422,0.790483578,348.1810384,406.734234,38573,-1.072322829,NA,2018,Cosley,water Cosley tub,water Cosley tub,1.345086462,tub11,tub11
W09,2018-11-09,Friday,C1,water,tap,Cosley,tap,Cosley Tap (with date),captive,NA,NA,NA,NA,NA,NA,NA,NA,NA,NA,NA,NA,NA,NA,NA,NA,NA,NA,NA,NA,NA,NA,NA,NA,NA,NA,NA,NA,NA,2.015372354,0.768054438,26,0.618573554,24.94369195,25.85684937,17358,-1.072322829,NA,2018,Cosley,water Cosley tap,water Cosley tap,-1.246185226,tap,tap
W12,2018-11-15,Thursday,C7,water,tub,Cosley,tub7,Cosley Tub 7 (with date),captive,N,NA,NA,NA,NA,NA,NA,NA,NA,NA,NA,NA,NA,NA,NA,NA,NA,NA,NA,NA,NA,NA,NA,NA,NA,NA,NA,NA,NA,4.491329457,0.963357646,348,0.767459682,303.7876246,342.9289867,27119,-1.03751642,NA,2018,Cosley,water Cosley tub,water Cosley tub,-0.053943749,tub7,tub7
W13,2018-11-15,Thursday,C7,water,tub,Cosley,tub11,Cosley Tub 11 (with date),captive,N,NA,NA,NA,NA,NA,NA,NA,NA,NA,NA,NA,NA,NA,NA,NA,NA,NA,NA,NA,NA,NA,NA,NA,NA,NA,NA,NA,NA,4.874036849,0.981128373,388,0.817653495,338.8692793,380.5078207,30353,-1.03751642,NA,2018,Cosley,water Cosley tub,water Cosley tub,0.341067924,tub11,tub11
W14,2019-01-04,Friday,C1,water,tub,Cosley,tub7,Cosley Tub 7 (with date),captive,N,NA,NA,NA,NA,NA,NA,NA,NA,NA,NA,NA,NA,NA,NA,NA,NA,NA,NA,NA,NA,NA,NA,NA,NA,NA,NA,NA,NA,4.410687137,0.948762888,399,0.736469453,327.513669,386.3487775,38590,-0.747463017,NA,2019,Cosley,water Cosley tub,water Cosley tub,1.347162899,tub7,tub7
W15,2019-01-04,Friday,C1,water,tub,Cosley,tub11,Cosley Tub 11 (with date),captive,N,NA,NA,NA,NA,NA,NA,NA,NA,NA,NA,NA,NA,NA,NA,NA,NA,NA,NA,NA,NA,NA,NA,NA,NA,NA,NA,NA,NA,4.785391898,0.975502268,394,0.800721372,337.4664982,385.9953214,28287,-0.747463017,NA,2019,Cosley,water Cosley tub,water Cosley tub,0.088719712,tub11,tub11
W16,2019-01-04,Friday,C1,water,tap,Cosley,tap,Cosley Tap (with date),captive,NA,NA,NA,NA,NA,NA,NA,NA,NA,NA,NA,NA,NA,NA,NA,NA,NA,NA,NA,NA,NA,NA,NA,NA,NA,NA,NA,NA,NA,1.954195456,0.721542372,27,0.592928453,25.28949965,26.35108011,25045,-0.747463017,NA,2019,Cosley,water Cosley tap,water Cosley tap,-0.307269107,tap,tap
W17,2019-01-10,Thursday,C7,water,tub,Cosley,tub7,Cosley Tub 7 (with date),captive,N,NA,NA,NA,NA,NA,NA,NA,NA,NA,NA,NA,NA,NA,NA,NA,NA,NA,NA,NA,NA,NA,NA,NA,NA,NA,NA,NA,NA,4.277996222,0.956941981,354,0.728877119,296.5559734,344.5118234,30462,-0.712656608,NA,2019,Cosley,water Cosley tub,water Cosley tub,0.354381552,tub7,tub7
W18,2019-01-10,Thursday,C7,water,tub,Cosley,tub11,Cosley Tub 11 (with date),captive,N,NA,NA,NA,NA,NA,NA,NA,NA,NA,NA,NA,NA,NA,NA,NA,NA,NA,NA,NA,NA,NA,NA,NA,NA,NA,NA,NA,NA,4.303748316,0.951882651,347,0.735768397,299.7087201,341.7875097,26048,-0.712656608,NA,2019,Cosley,water Cosley tub,water Cosley tub,-0.184759303,tub11,tub11
W20,2019-03-01,Friday,C1,water,tub,Cosley,tub7,Cosley Tub 7 (with date),captive,N,NA,NA,NA,NA,NA,NA,NA,NA,NA,NA,NA,NA,NA,NA,NA,NA,NA,NA,NA,NA,NA,NA,NA,NA,NA,NA,NA,NA,4.791216458,0.980509414,302,0.839029453,286.1088045,301.7527744,13980,-0.422603205,NA,2019,Cosley,water Cosley tub,water Cosley tub,-1.658785545,tub7,tub7
W21,2019-03-01,Friday,C1,water,tub,Cosley,tub11,Cosley Tub 11 (with date),captive,N,NA,NA,NA,NA,NA,NA,NA,NA,NA,NA,NA,NA,NA,NA,NA,NA,NA,NA,NA,NA,NA,NA,NA,NA,NA,NA,NA,NA,4.992577237,0.98369596,417,0.827532883,360.4023578,409.0620857,26947,-0.422603205,NA,2019,Cosley,water Cosley tub,water Cosley tub,-0.074952409,tub11,tub11
W22,2019-03-01,Friday,C1,water,tap,Cosley,tap,Cosley Tap (with date),captive,NA,NA,NA,NA,NA,NA,NA,NA,NA,NA,NA,NA,NA,NA,NA,NA,NA,NA,NA,NA,NA,NA,NA,NA,NA,NA,NA,NA,NA,1.606372985,0.596949696,25,0.499047827,24.41496758,24.96635195,21856,-0.422603205,NA,2019,Cosley,water Cosley tap,water Cosley tap,-0.696784328,tap,tap
W23,2019-03-07,Thursday,C7,water,tub,Cosley,tub7,Cosley Tub 7 (with date),captive,N,NA,NA,NA,NA,NA,NA,NA,NA,NA,NA,NA,NA,NA,NA,NA,NA,NA,NA,NA,NA,NA,NA,NA,NA,NA,NA,NA,NA,3.86494363,0.932633683,284,0.684185034,242.7320968,277.9726111,22839,-0.387796796,NA,2019,Cosley,water Cosley tub,water Cosley tub,-0.576717391,tub7,tub7
W24,2019-03-07,Thursday,C7,water,tub,Cosley,tub11,Cosley Tub 11 (with date),captive,N,NA,NA,NA,NA,NA,NA,NA,NA,NA,NA,NA,NA,NA,NA,NA,NA,NA,NA,NA,NA,NA,NA,NA,NA,NA,NA,NA,NA,4.354091662,0.957788927,336,0.748497242,280.8788186,327.5617248,27325,-0.387796796,NA,2019,Cosley,water Cosley tub,water Cosley tub,-0.028782214,tub11,tub11
W25,2019-04-26,Friday,C1,water,tub,Cosley,tub7,Cosley Tub 7 (with date),captive,N,NA,NA,NA,NA,NA,NA,NA,NA,NA,NA,NA,NA,NA,NA,NA,NA,NA,NA,NA,NA,NA,NA,NA,NA,NA,NA,NA,NA,4.694247398,0.979491159,334,0.807801326,294.8402795,329.2893911,25400,-0.097743393,NA,2019,Cosley,water Cosley tub,water Cosley tub,-0.263908209,tub7,tub7
W26,2019-04-26,Friday,C1,water,tub,Cosley,tub11,Cosley Tub 11 (with date),captive,N,NA,NA,NA,NA,NA,NA,NA,NA,NA,NA,NA,NA,NA,NA,NA,NA,NA,NA,NA,NA,NA,NA,NA,NA,NA,NA,NA,NA,4.564776424,0.967701472,290,0.805092115,269.0049845,289.5394705,13834,-0.097743393,NA,2019,Cosley,water Cosley tub,water Cosley tub,-1.676618478,tub11,tub11
W27,2019-04-26,Friday,C1,water,tap,Cosley,tap,Cosley Tap (with date),captive,NA,NA,NA,NA,NA,NA,NA,NA,NA,NA,NA,NA,NA,NA,NA,NA,NA,NA,NA,NA,NA,NA,NA,NA,NA,NA,NA,NA,NA,2.306778409,0.841672379,39,0.629654591,35.54931283,38.65157434,21166,-0.097743393,NA,2019,Cosley,water Cosley tap,water Cosley tap,-0.781063257,tap,tap
W28,2019-05-02,Thursday,C7,water,tub,Cosley,tub7,Cosley Tub 7 (with date),captive,N,NA,NA,NA,NA,NA,NA,NA,NA,NA,NA,NA,NA,NA,NA,NA,NA,NA,NA,NA,NA,NA,NA,NA,NA,NA,NA,NA,NA,3.574264776,0.888309109,301,0.626282761,251.938256,293.4336696,29245,-0.062936985,NA,2019,Cosley,water Cosley tub,water Cosley tub,0.205733065,tub7,tub7
W29,2019-05-02,Thursday,C7,water,tub,Cosley,tub11,Cosley Tub 11 (with date),captive,N,NA,NA,NA,NA,NA,NA,NA,NA,NA,NA,NA,NA,NA,NA,NA,NA,NA,NA,NA,NA,NA,NA,NA,NA,NA,NA,NA,NA,4.132181253,0.940538035,322,0.71558479,269.3177406,313.5997582,26863,-0.062936985,NA,2019,Cosley,water Cosley tub,water Cosley tub,-0.085212453,tub11,tub11
W30,2019-06-06,Thursday,NA,water,marsh,PW,marsh1,PW marsh 1 water,wild,N,NA,NA,NA,NA,NA,NA,NA,NA,NA,NA,NA,NA,NA,NA,NA,NA,NA,NA,NA,NA,NA,NA,NA,NA,NA,NA,NA,NA,3.289129828,0.893356118,124,0.68235222,120.073219,123.9324102,13682,0.140100398,NA,2019,Wild,water PW marsh,water Wild marsh,-1.695184271,PW,2019
W31,2019-06-07,Friday,NA,water,marsh,TC,near.shooting.star.trail,near.shooting.star.trail,wild,N,NA,NA,NA,NA,NA,NA,NA,NA,NA,NA,NA,NA,NA,NA,NA,NA,NA,NA,NA,NA,NA,NA,NA,NA,NA,NA,NA,NA,3.494077708,0.928508527,130,0.717833175,126.6498677,129.9912413,14547,0.145901466,NA,2019,Wild,water TC marsh,water Wild marsh,-1.589530252,TC,2019
W32,2019-06-21,Friday,C1,water,tub,Cosley,tub7,Cosley Tub 7 (with date),captive,N,NA,NA,NA,NA,NA,NA,NA,NA,NA,NA,NA,NA,NA,NA,NA,NA,NA,NA,NA,NA,NA,NA,NA,NA,NA,NA,NA,NA,4.567602559,0.972413889,329,0.788053321,291.5789046,324.1790436,25172,0.227116419,NA,2019,Cosley,water Cosley tub,water Cosley tub,-0.291756899,tub7,tub7
W33,2019-06-21,Friday,C1,water,tub,Cosley,tub11,Cosley Tub 11 (with date),captive,N,NA,NA,NA,NA,NA,NA,NA,NA,NA,NA,NA,NA,NA,NA,NA,NA,NA,NA,NA,NA,NA,NA,NA,NA,NA,NA,NA,NA,5.06957692,0.987024577,393,0.848633828,347.8340221,386.1173987,28670,0.227116419,NA,2019,Cosley,water Cosley tub,water Cosley tub,0.135500625,tub11,tub11
W34,2019-06-21,Friday,C1,water,tap,Cosley,tap,Cosley Tap (with date),captive,NA,NA,NA,NA,NA,NA,NA,NA,NA,NA,NA,NA,NA,NA,NA,NA,NA,NA,NA,NA,NA,NA,NA,NA,NA,NA,NA,NA,NA,1.113008482,0.409884008,22,0.360075443,21.4375301,21.99452768,22395,0.227116419,NA,2019,Cosley,water Cosley tap,water Cosley tap,-0.63094905,tap,tap
W35,2019-06-27,Thursday,C1,water,tub,Cosley,tub7,Cosley Tub 7 (with date),captive,N,NA,NA,NA,NA,NA,NA,NA,NA,NA,NA,NA,NA,NA,NA,NA,NA,NA,NA,NA,NA,NA,NA,NA,NA,NA,NA,NA,NA,3.449592738,0.816976463,319,0.598348377,264.6436227,311.6981468,28193,0.261922827,NA,2019,Cosley,water Cosley tub,water Cosley tub,0.077238235,tub7,tub7
W36,2019-06-27,Thursday,C1,water,tub,Cosley,tub11,Cosley Tub 11 (with date),captive,N,NA,NA,NA,NA,NA,NA,NA,NA,NA,NA,NA,NA,NA,NA,NA,NA,NA,NA,NA,NA,NA,NA,NA,NA,NA,NA,NA,NA,3.651102616,0.897539476,320,0.6329576,260.1848258,309.6177001,29373,0.261922827,NA,2019,Cosley,water Cosley tub,water Cosley tub,0.221367417,tub11,tub11
W40,2020-02-01,Saturday,un,water,tub,Shedd,tubAHHR2,Shedd tub AHHR2 (with date),captive,N,NA,NA,NA,NA,NA,NA,NA,NA,NA,NA,NA,NA,NA,NA,NA,NA,NA,NA,NA,NA,NA,NA,NA,NA,NA,NA,NA,NA,4.811257002,0.980528778,305,0.841083002,280.0581721,303.3752175,17763,1.532356735,NA,2020,Shedd,water Shedd tub,water Shedd tub,-1.19671716,tubAHHR2,tubAHHR2
W41,2020-02-01,Saturday,un,water,tub,Shedd,tubAHHR3,Shedd tub AHHR3 (with date),captive,N,NA,NA,NA,NA,NA,NA,NA,NA,NA,NA,NA,NA,NA,NA,NA,NA,NA,NA,NA,NA,NA,NA,NA,NA,NA,NA,NA,NA,5.022495188,0.986853803,366,0.850890595,328.044075,362.4248646,23415,1.532356735,NA,2020,Shedd,water Shedd tub,water Shedd tub,-0.506362808,tubAHHR3,tubAHHR3
W42,2020-02-01,Saturday,un,water,tub,Shedd,tubAHHR2,Shedd tub AHHR2 (with date),captive,N,NA,NA,NA,NA,NA,NA,NA,NA,NA,NA,NA,NA,NA,NA,NA,NA,NA,NA,NA,NA,NA,NA,NA,NA,NA,NA,NA,NA,4.810709611,0.978664863,322,0.833088002,293.1230294,320.6421426,17478,1.532356735,NA,2020,Shedd,water Shedd tub,water Shedd tub,-1.231528022,tubAHHR2,tubAHHR2
W43,2020-02-01,Saturday,un,water,tub,Shedd,tubAHHR3,Shedd tub AHHR3 (with date),captive,N,NA,NA,NA,NA,NA,NA,NA,NA,NA,NA,NA,NA,NA,NA,NA,NA,NA,NA,NA,NA,NA,NA,NA,NA,NA,NA,NA,NA,4.913904879,0.983384182,347,0.840080704,317.7539556,344.8361262,21168,1.532356735,NA,2020,Shedd,water Shedd tub,water Shedd tub,-0.78081897,tubAHHR3,tubAHHR3
W44,2020-02-29,Saturday,un,water,tub,Shedd,tubAHHR2,Shedd tub AHHR2 (with date),captive,N,NA,NA,NA,NA,NA,NA,NA,NA,NA,NA,NA,NA,NA,NA,NA,NA,NA,NA,NA,NA,NA,NA,NA,NA,NA,NA,NA,NA,4.085115443,0.90636992,315,0.710137133,288.1143269,313.2928515,19049,1.694786641,NA,2020,Shedd,water Shedd tub,water Shedd tub,-1.03964078,tubAHHR2,tubAHHR2
W45,2020-02-29,Saturday,un,water,tub,Shedd,tubAHHR3,Shedd tub AHHR3 (with date),captive,N,NA,NA,NA,NA,NA,NA,NA,NA,NA,NA,NA,NA,NA,NA,NA,NA,NA,NA,NA,NA,NA,NA,NA,NA,NA,NA,NA,NA,4.47862833,0.960968098,314,0.778974118,290.0361729,312.4595715,20525,1.694786641,NA,2020,Shedd,water Shedd tub,water Shedd tub,-0.85935716,tubAHHR3,tubAHHR3
W46,2020-02-29,Saturday,un,water,tub,Shedd,tubAHHR2,Shedd tub AHHR2 (with date),captive,N,NA,NA,NA,NA,NA,NA,NA,NA,NA,NA,NA,NA,NA,NA,NA,NA,NA,NA,NA,NA,NA,NA,NA,NA,NA,NA,NA,NA,4.920437648,0.977853923,389,0.825081275,349.8220444,385.1447461,26375,1.694786641,NA,2020,Shedd,water Shedd tub,water Shedd tub,-0.144818419,tubAHHR2,tubAHHR2
W47,2020-02-29,Saturday,un,water,tub,Shedd,tubAHHR3,Shedd tub AHHR3 (with date),captive,N,NA,NA,NA,NA,NA,NA,NA,NA,NA,NA,NA,NA,NA,NA,NA,NA,NA,NA,NA,NA,NA,NA,NA,NA,NA,NA,NA,NA,4.814341064,0.973203982,350,0.821849778,321.6395678,348.4763544,19586,1.694786641,NA,2020,Shedd,water Shedd tub,water Shedd tub,-0.974049788,tubAHHR3,tubAHHR3
W50,2020-04-08,Wednesday,un,water,tub,Shedd,tubAHHR2,AHHR2 After,captive,N,NA,NA,NA,NA,NA,NA,NA,NA,NA,NA,NA,NA,NA,NA,NA,NA,NA,NA,NA,NA,NA,NA,NA,NA,NA,NA,NA,NA,4.587263703,0.95709851,358,0.780076179,322.0045818,354.5096482,23223,1.921028296,NA,2020,Shedd,water Shedd tub,water Shedd tub,-0.529814336,tubAHHR2,tubAHHR2
W52,2020-04-08,Wednesday,un,water,tub,Shedd,tubAHHR3,AHHR3 After,captive,N,NA,NA,NA,NA,NA,NA,NA,NA,NA,NA,NA,NA,NA,NA,NA,NA,NA,NA,NA,NA,NA,NA,NA,NA,NA,NA,NA,NA,4.880191371,0.974443874,348,0.833906788,323.8339463,347.2500978,15620,1.921028296,NA,2020,Shedd,water Shedd tub,water Shedd tub,-1.458470411,tubAHHR3,tubAHHR3
W54,2020-05-19,Tuesday,un,water,tub,Shedd,tubAHHR2,Shedd tub AHHR2,captive,N,NA,NA,NA,NA,NA,NA,NA,NA,NA,NA,NA,NA,NA,NA,NA,NA,NA,NA,NA,NA,NA,NA,NA,NA,NA,NA,NA,NA,5.093335953,0.986295002,399,0.85045396,356.5137443,395.3848916,22309,2.158872086,NA,2020,Shedd,water Shedd tub,water Shedd tub,-0.64145338,tubAHHR2,tubAHHR2
W55,2020-05-19,Tuesday,un,water,tub,Shedd,tubAHHR2,Shedd tub AHHR2,captive,N,NA,NA,NA,NA,NA,NA,NA,NA,NA,NA,NA,NA,NA,NA,NA,NA,NA,NA,NA,NA,NA,NA,NA,NA,NA,NA,NA,NA,5.100898282,0.988782254,351,0.870343686,323.9250296,349.5084914,16466,2.158872086,NA,2020,Shedd,water Shedd tub,water Shedd tub,-1.355137116,tubAHHR2,tubAHHR2
W56,2020-05-19,Tuesday,un,water,tub,Shedd,tubAHHR3,Shedd tub AHHR3,captive,N,NA,NA,NA,NA,NA,NA,NA,NA,NA,NA,NA,NA,NA,NA,NA,NA,NA,NA,NA,NA,NA,NA,NA,NA,NA,NA,NA,NA,4.942014977,0.981730331,421,0.817857896,363.6280458,413.6350013,24144,2.158872086,NA,2020,Shedd,water Shedd tub,water Shedd tub,-0.417320288,tubAHHR3,tubAHHR3
W57,2020-05-19,Tuesday,un,water,tub,Shedd,tubAHHR3,Shedd tub AHHR3,captive,N,NA,NA,NA,NA,NA,NA,NA,NA,NA,NA,NA,NA,NA,NA,NA,NA,NA,NA,NA,NA,NA,NA,NA,NA,NA,NA,NA,NA,4.937989134,0.983384882,346,0.844614871,321.8382073,345.1665723,15476,2.158872086,NA,2020,Shedd,water Shedd tub,water Shedd tub,-1.476059057,tubAHHR3,tubAHHR3
